v1,v2
1101,1359
1101,1494
1101,2595
1101,2936
1101,3179
1101,3239
1101,3376
1101,3380
1101,3890
1101,4304
1101,1450
1102,1621
1102,1875
1102,3026
1102,1756
1102,3387
1102,3696
1102,1979
1103,2043
1103,2501
1103,3256
1103,3310
1103,4099
1104,2261
1104,3534
1105,1619
1105,2654
1105,4078
1105,1891
1109,1727
1109,3351
1111,2352
1111,2789
1112,1993
1112,2452
1112,2873
1112,2306
1115,1229
1115,1493
1115,2666
1115,3713
1115,3898
1115,4266
1115,4278
1115,2306
1115,4217
1116,1133
1116,1380
1117,1926
1119,2366
1119,3014
1119,4130
1122,1156
1122,1280
1122,1349
1122,1677
1122,2372
1122,2486
1122,2524
1122,2851
1122,3183
1122,3549
1122,3680
1122,1824
1122,2240
1122,3661
1122,3978
1124,3572
1124,1606
1128,1236
1128,1728
1128,3589
1129,2702
1129,3607
1129,4372
1129,4268
1131,4344
1132,3050
1132,3702
1132,2121
1132,3474
1133,1274
1133,1889
1133,2344
1133,2927
1133,3239
1133,3599
1133,3766
1133,3810
1133,4009
1133,4327
1133,2781
1133,3525
1133,3137
1134,2552
1134,3195
1136,2526
1136,2593
1136,3856
1136,3882
1136,4126
1136,4380
1136,2542
1139,2405
1144,2237
1144,2476
1144,1450
1144,1690
1149,1241
1149,1504
1149,1686
1149,2106
1149,2235
1149,3753
1149,3810
1149,4344
1149,1123
1149,3494
1149,3855
1149,1855
1150,2410
1150,3178
1150,3265
1150,1254
1150,2193
1150,3064
1150,3564
1150,2962
1150,2782
1154,1181
1154,2898
1154,3315
1154,3547
1155,1607
1155,2388
1155,2677
1155,4277
1155,3791
1155,2092
1156,3511
1156,4266
1156,2928
1156,3006
1161,2971
1161,1220
1161,2928
1161,3975
1161,1749
1163,1587
1163,1934
1163,2080
1163,2703
1163,3042
1167,2654
1167,3262
1171,2280
1171,2585
1171,3133
1171,3354
1171,3673
1171,1285
1171,3463
1172,3222
1172,3368
1172,3981
1172,1152
1172,2780
1172,3201
1172,4297
1172,3297
1173,1248
1173,1495
1173,1714
1173,4215
1175,1572
1175,1828
1175,2176
1175,2269
1175,2585
1175,2715
1175,3179
1175,4009
1175,4215
1175,4345
1175,1964
1175,1288
1176,2318
1176,2837
1176,2873
1176,2912
1176,4135
1176,4359
1176,2671
1176,2737
1179,1789
1179,2444
1180,1181
1180,1537
1180,1991
1180,2420
1180,2595
1180,3294
1180,3335
1180,4281
1180,1739
1180,4307
1181,1765
1181,2654
1181,2742
1181,3549
1181,3694
1181,3808
1181,3913
1181,3934
1181,3272
1181,3487
1181,4262
1181,2964
1181,2934
1182,2824
1182,2984
1182,3389
1182,3476
1182,3485
1182,3682
1182,3759
1182,3951
1182,4102
1182,4185
1182,1311
1182,2065
1182,2618
1182,4217
1183,3315
1183,1870
1185,1247
1185,3670
1185,4307
1187,1265
1187,1587
1187,3134
1187,3456
1187,2276
1189,2938
1189,2984
1189,3133
1189,3511
1190,1229
1190,2786
1190,2044
1191,2580
1191,3775
1191,3785
1191,2781
1191,3416
1191,4060
1191,4217
1195,1399
1195,2330
1195,3070
1195,3300
1197,1875
1197,1991
1197,2125
1202,2861
1202,3872
1202,2918
1203,1218
1203,1663
1203,1820
1203,1993
1203,3707
1203,3560
1206,2261
1206,3625
1209,1705
1209,2174
1209,2691
1209,2901
1209,1989
1209,3272
1209,1143
1209,1470
1213,1704
1213,3087
1213,3724
1217,2946
1217,2221
1218,1392
1218,2799
1218,3624
1218,1862
1218,3083
1218,3670
1218,4085
1219,1248
1219,4134
1219,1338
1219,3338
1219,2950
1219,1844
1221,4039
1221,4368
1221,2855
1221,3821
1223,1648
1223,2213
1223,3512
1224,1641
1224,1674
1224,3102
1224,3113
1224,3624
1224,3686
1224,3969
1224,1825
1224,2306
1224,3366
1224,3494
1224,3371
1224,1569
1226,2366
1226,4133
1226,1945
1226,2431
1227,1377
1227,1704
1227,1747
1227,2695
1227,2765
1227,3295
1227,2306
1227,3871
1227,3474
1228,3248
1228,3355
1229,1321
1229,2349
1229,2625
1229,2675
1229,4145
1229,4322
1229,1872
1229,4155
1229,2599
1229,1979
1229,2077
1230,2346
1230,4319
1234,1601
1234,3180
1234,3801
1235,1477
1235,2033
1235,3156
1235,4328
1235,1271
1236,1705
1236,3182
1236,4296
1237,1396
1237,4036
1237,1200
1237,3011
1238,1636
1241,1986
1241,2806
1241,2910
1241,3012
1241,3841
1241,3878
1241,4023
1241,4079
1241,2125
1241,3083
1241,2334
1241,1438
1242,1983
1242,2151
1242,3190
1242,4014
1242,2858
1245,2851
1245,4040
1246,2582
1246,3280
1246,3936
1248,1813
1248,1828
1248,2593
1248,4082
1248,4165
1248,1904
1248,2092
1249,1607
1249,1932
1249,1944
1249,2933
1249,2194
1249,4146
1260,1883
1260,2806
1260,1316
1260,4255
1263,2652
1263,4262
1265,1328
1265,1659
1265,3778
1265,3382
1265,2305
1268,1905
1268,1465
1268,1992
1270,3751
1270,4291
1274,1408
1274,1750
1274,2894
1274,3008
1274,4322
1274,2109
1274,2431
1274,2959
1274,3793
1274,1188
1275,2703
1275,2786
1275,2538
1278,2243
1279,1934
1279,1939
1279,3092
1279,1965
1280,1728
1280,1936
1280,2375
1280,2496
1280,3012
1280,3343
1280,3568
1280,3845
1280,2245
1280,2838
1281,1321
1281,1570
1281,2208
1281,3011
1282,2453
1282,3655
1282,2116
1292,1998
1292,2842
1292,3065
1292,3099
1292,2018
1292,2854
1292,3366
1293,2350
1293,3294
1293,2872
1294,1494
1294,2799
1294,1868
1297,1359
1297,1536
1297,2521
1300,1495
1300,2312
1300,2359
1300,3726
1300,4226
1300,4268
1301,2485
1301,3155
1301,3243
1301,4034
1301,1450
1306,1697
1306,2205
1306,3343
1306,3800
1308,4230
1313,1674
1313,2287
1313,2451
1313,2927
1313,1511
1313,2855
1313,2950
1317,1498
1317,2366
1317,3511
1317,3955
1318,1496
1318,1510
1318,2140
1318,2477
1318,4147
1318,2217
1318,2259
1318,3700
1318,3757
1318,1892
1320,4105
1321,3156
1321,3470
1321,2934
1322,2372
1325,2908
1325,3580
1325,1994
1328,4105
1328,2125
1334,2795
1334,4117
1340,2358
1340,3685
1340,4270
1341,2927
1342,1608
1346,2486
1346,3368
1350,2416
1350,2441
1350,3522
1350,4202
1359,1376
1359,1827
1359,1991
1359,2786
1361,4030
1361,3623
1361,4060
1362,1640
1362,1932
1362,2338
1362,3099
1362,3163
1362,3945
1362,4329
1362,4352
1362,2085
1364,1705
1364,4082
1365,2998
1365,2244
1366,2785
1366,3008
1366,3299
1369,2936
1371,1557
1371,2223
1371,2263
1371,3116
1371,1220
1371,1882
1371,1271
1373,4022
1373,4187
1376,1649
1376,3697
1376,3862
1376,2152
1376,2590
1376,3093
1376,4155
1377,1631
1377,2144
1377,2304
1377,3016
1377,3097
1377,3113
1377,3512
1377,3979
1377,4281
1377,4352
1377,2233
1377,3344
1377,2858
1380,3461
1381,3669
1381,3759
1382,1396
1382,2632
1382,3680
1382,1252
1382,2473
1382,3956
1385,2040
1387,1492
1387,3739
1387,1120
1390,2163
1390,2372
1390,2792
1390,3680
1390,4357
1392,1821
1392,2684
1392,3396
1392,4337
1392,4085
1393,4101
1393,3757
1394,2912
1394,2057
1394,1901
1399,2815
1399,3110
1400,1630
1400,2597
1400,2538
1402,3013
1402,3143
1402,3302
1402,3353
1402,3778
1402,4383
1405,1459
1405,1997
1405,2472
1405,2642
1405,3026
1405,3589
1405,2048
1405,2342
1405,2513
1408,2597
1408,2843
1408,3029
1408,3194
1408,3574
1408,1548
1409,1893
1409,2939
1409,3792
1409,3823
1414,3805
1414,2449
1415,4361
1415,1910
1418,4277
1418,2194
1420,2183
1420,3076
1420,3826
1420,2797
1420,3944
1422,2703
1422,3376
1422,3702
1422,3506
1422,1768
1422,3545
1432,2715
1432,3359
1435,2984
1435,4039
1435,4299
1441,2010
1441,1389
1443,1493
1443,1934
1443,2075
1443,2738
1443,2836
1443,3280
1443,3420
1443,3421
1443,4030
1443,3474
1443,3075
1449,1798
1449,3368
1449,3399
1452,2478
1452,2552
1452,3042
1452,3154
1452,3599
1452,3991
1452,4032
1452,4133
1452,4269
1452,4281
1452,4356
1452,2240
1452,3670
1452,3858
1452,4295
1452,4369
1452,1855
1452,3441
1456,2418
1456,2759
1456,3810
1456,1470
1457,2067
1457,3502
1457,1205
1457,1465
1457,1824
1457,1870
1457,2218
1459,2235
1459,3071
1459,3328
1459,3523
1459,3778
1459,2760
1459,3200
1459,4245
1459,1276
1462,1674
1462,2486
1462,3521
1462,3912
1462,4369
1464,3839
1472,1813
1472,2351
1472,3376
1472,3827
1472,4230
1472,1511
1472,3439
1474,1780
1477,1603
1477,2372
1477,2441
1477,2594
1477,2750
1477,3759
1477,2780
1477,2994
1477,3623
1477,1106
1478,1619
1478,1267
1478,4049
1479,3647
1480,1678
1480,1682
1480,1934
1480,3647
1480,2841
1480,1266
1482,1536
1482,1607
1482,2862
1482,3099
1482,3377
1482,1231
1482,3195
1482,3487
1482,3503
1482,4363
1483,4202
1483,2465
1485,1846
1485,1998
1485,2755
1485,3839
1485,4130
1485,2877
1485,3149
1485,2334
1490,1818
1490,2146
1490,2339
1490,3724
1491,3258
1491,3379
1491,1254
1491,2411
1492,2856
1492,3785
1492,4080
1492,1643
1492,1839
1493,1518
1493,2914
1493,4135
1493,3410
1493,4164
1493,4295
1494,2173
1494,4105
1494,2191
1494,3169
1494,1526
1495,2879
1495,4163
1495,2623
1496,1587
1496,4272
1496,4300
1496,1892
1497,3140
1498,1469
1498,3917
1498,1367
1500,1978
1500,2144
1500,2526
1500,1201
1500,1892
1504,1848
1507,1936
1507,2369
1507,2486
1507,3016
1507,3143
1509,2983
1509,3332
1509,3474
1515,4361
1518,2549
1518,2686
1518,3955
1518,3149
1518,2423
1521,3297
1521,2334
1522,1589
1522,2008
1522,4143
1522,3528
1523,1752
1525,1914
1527,2637
1527,2654
1527,3034
1527,3673
1527,2109
1527,4068
1527,2599
1529,2582
1529,3512
1529,3945
1529,2212
1529,2928
1529,3357
1530,1779
1530,2896
1530,3572
1530,2125
1530,3464
1530,3940
1531,2416
1531,3372
1531,4165
1531,3631
1531,3861
1534,2925
1534,4039
1534,1372
1534,3209
1534,3929
1536,1893
1536,2755
1536,2765
1536,3296
1536,3426
1536,3785
1536,4263
1536,2859
1536,4258
1537,2986
1537,3395
1537,3788
1540,1591
1540,1778
1540,3062
1540,3882
1540,1775
1542,4334
1547,1775
1551,4218
1552,2486
1552,3380
1552,2291
1552,4334
1553,3748
1553,3917
1553,4068
1556,1893
1556,3014
1557,1889
1557,1997
1557,3012
1557,3625
1557,3725
1557,4031
1557,4082
1557,1554
1557,2556
1557,2633
1557,4138
1557,1312
1557,3189
1557,4049
1558,2043
1558,4386
1559,1790
1559,3320
1561,2349
1561,2412
1561,2614
1561,2684
1561,2795
1561,3564
1561,3769
1566,2832
1566,2591
1570,1940
1570,3470
1570,3477
1570,3704
1572,2352
1572,2486
1572,2539
1572,2936
1572,3015
1572,3727
1572,3796
1572,3843
1572,1824
1572,3696
1573,3835
1578,2291
1578,4262
1579,2901
1579,3746
1579,1870
1579,1960
1579,3409
1580,2956
1580,3351
1580,2556
1580,3355
1580,4301
1581,2923
1581,4024
1585,3810
1586,2715
1586,3287
1586,2859
1586,3209
1586,3409
1586,4087
1586,2118
1587,1990
1587,2842
1587,3014
1587,3203
1589,2222
1589,2676
1589,3082
1589,3934
1589,3945
1589,4325
1589,4331
1589,1138
1589,2245
1589,2259
1589,2473
1589,3837
1589,4226
1589,1683
1591,1654
1591,2862
1591,2955
1591,3738
1592,1622
1592,1914
1592,3113
1592,4036
1592,4137
1592,4393
1592,1595
1592,1739
1592,2319
1592,4217
1592,3474
1596,1601
1596,1802
1596,3042
1596,3800
1596,3931
1596,2066
1596,2198
1597,1820
1597,2132
1597,2997
1597,3163
1597,1266
1601,2318
1601,4124
1601,2895
1603,1890
1603,3511
1604,2927
1604,3397
1604,3675
1604,1285
1604,3942
1607,1928
1607,2210
1607,2266
1607,2789
1607,3353
1607,3648
1607,3673
1607,1609
1607,1845
1607,2754
1607,3487
1607,3494
1607,4078
1607,2564
1607,1271
1607,1891
1608,4130
1613,2366
1613,2517
1613,3097
1613,3966
1613,3317
1619,2194
1619,2858
1621,1652
1621,2183
1621,2278
1621,2453
1621,2572
1621,2667
1621,2240
1621,3063
1621,3781
1622,2224
1622,3783
1622,3843
1622,4319
1630,3804
1630,2928
1630,1690
1631,3343
1631,3446
1631,3643
1631,4293
1631,2423
1633,1854
1633,2585
1633,3130
1633,1372
1633,2198
1636,1772
1636,1804
1636,2279
1636,3694
1636,4087
1640,1943
1640,3104
1640,3982
1640,2855
1641,2010
1641,2475
1641,3248
1641,3328
1641,3397
1641,3732
1641,3798
1641,1360
1641,1576
1641,2218
1641,2884
1641,3212
1641,4251
1644,2956
1644,3376
1644,3924
1644,3931
1644,3169
1644,3821
1648,3556
1648,2854
1648,2334
1649,1883
1649,2519
1649,2906
1649,1550
1652,1789
1652,2392
1652,2750
1652,3629
1652,3864
1652,3571
1653,2016
1653,1145
1653,3331
1653,3361
1653,1113
1653,1629
1654,2008
1654,2718
1654,3170
1654,2289
1654,3596
1655,2391
1659,2263
1659,2935
1659,3026
1659,3240
1659,3395
1659,3517
1659,1451
1659,1836
1659,4231
1660,2940
1662,1674
1662,3782
1662,3955
1662,4031
1663,1997
1664,2099
1664,2173
1664,2205
1664,2218
1664,3213
1664,4268
1670,2107
1670,3792
1670,3919
1670,2360
1672,2946
1674,1944
1674,3477
1674,2926
1674,3199
1675,2445
1675,3893
1675,3555
1677,3715
1677,4322
1677,1965
1677,3337
1677,1629
1678,1929
1678,3207
1678,3375
1682,2319
1684,3392
1684,3673
1684,3912
1684,1372
1684,1188
1684,2863
1686,2175
1686,2182
1686,2278
1686,2486
1686,2912
1686,3354
1686,3395
1686,3829
1686,3981
1686,2586
1686,2875
1686,2943
1686,2613
1688,2588
1688,2862
1688,3702
1688,4060
1691,1873
1691,3543
1697,2137
1697,3397
1697,3955
1697,1770
1697,2778
1697,2797
1697,2872
1697,3096
1698,1846
1698,2901
1698,3413
1699,2714
1703,3612
1703,4023
1703,4117
1703,2342
1703,3234
1704,4215
1704,1148
1704,3416
1705,2296
1705,2642
1705,3332
1705,3622
1705,4215
1705,3200
1705,3999
1709,2412
1709,2512
1709,3775
1709,3571
1711,3549
1711,2245
1714,4041
1714,1511
1714,1549
1722,2266
1722,3128
1722,3599
1722,4264
1722,3035
1722,1741
1724,3065
1726,2935
1726,3113
1726,3784
1726,3365
1726,4334
1726,1266
1727,2027
1727,3434
1727,3753
1727,4354
1727,1426
1727,4112
1728,3205
1728,3222
1729,3986
1729,3571
1729,2940
1736,2180
1736,1554
1736,3781
1740,2350
1740,2978
1742,1747
1742,3434
1742,3862
1742,1123
1742,3459
1747,1943
1747,3784
1747,4191
1747,4380
1747,2598
1747,3892
1750,3395
1750,3538
1752,2366
1752,2865
1752,4212
1752,2334
1753,3644
1753,2121
1753,3049
1753,1266
1753,1450
1753,3821
1754,2938
1754,3624
1754,3866
1754,4300
1754,2959
1765,3459
1766,3397
1767,2480
1767,3844
1772,2582
1772,2834
1778,4204
1778,4380
1778,2623
1779,1998
1779,3294
1779,3602
1779,4353
1779,3542
1779,3614
1780,2806
1780,3536
1780,3809
1780,2854
1780,2942
1781,1360
1781,2194
1781,3670
1782,2391
1782,2116
1782,4146
1784,2047
1784,2642
1784,3362
1784,2960
1784,3416
1785,3476
1785,3577
1788,1824
1789,2480
1789,2526
1789,2804
1789,3013
1789,3163
1789,2125
1789,3212
1789,4155
1791,2791
1791,3046
1791,3522
1791,4161
1791,3084
1797,3538
1797,1357
1797,2865
1797,3688
1798,3587
1800,4181
1801,1804
1801,2179
1801,2312
1801,2856
1801,1689
1801,3438
1801,1143
1802,2267
1802,3599
1802,2522
1803,3694
1803,4348
1803,3506
1804,2622
1804,4050
1804,4137
1804,4331
1804,3209
1804,4074
1804,4304
1805,3573
1806,3082
1811,3156
1811,3600
1811,3621
1811,3767
1813,1918
1813,1609
1813,1807
1813,2943
1813,3429
1817,3070
1817,3083
1817,3905
1818,3353
1818,4191
1818,1908
1820,2080
1820,2308
1820,3280
1820,3324
1820,3748
1820,3843
1820,4371
1820,4357
1820,3210
1821,2562
1821,2829
1821,3264
1821,2018
1821,2918
1821,3096
1822,2182
1822,3156
1822,4337
1822,1123
1822,2942
1822,3596
1823,1469
1823,3892
1823,3944
1823,3791
1826,2372
1826,2883
1826,3458
1826,3556
1826,4106
1826,2042
1826,3075
1827,3724
1827,3958
1827,4145
1827,3564
1827,3858
1828,2141
1828,4320
1828,2530
1828,1629
1829,4014
1831,1983
1831,4288
1831,1598
1842,3014
1842,3084
1842,2629
1843,3787
1843,1683
1846,3537
1846,3958
1846,4087
1846,1367
1847,2427
1848,2746
1848,3851
1853,3372
1853,1453
1857,2485
1857,2666
1857,3997
1857,3036
1859,4313
1859,2302
1859,2429
1864,2482
1864,1891
1867,2496
1867,2792
1867,2802
1867,2983
1873,2721
1875,2287
1875,2335
1875,2642
1875,2684
1875,2697
1875,3251
1875,3456
1875,4279
1875,3657
1875,4171
1875,2893
1875,4358
1876,1934
1876,2050
1876,2392
1876,3218
1876,4066
1877,3248
1877,1526
1879,3605
1879,4265
1881,3266
1881,3420
1881,3782
1881,3832
1881,3951
1881,4289
1881,1960
1881,3272
1881,4240
1883,2388
1883,3724
1883,3969
1883,4227
1883,4354
1883,2268
1883,3646
1883,3474
1883,4342
1883,1661
1889,2442
1889,3866
1889,3890
1889,4205
1889,3189
1889,3802
1890,3017
1890,2126
1893,2453
1893,3265
1893,3670
1893,3929
1902,2906
1902,3568
1905,2301
1905,2788
1905,2908
1905,1276
1905,3344
1906,2162
1906,2772
1906,2888
1906,3747
1906,3941
1906,3391
1907,1942
1907,4343
1907,4379
1913,3719
1913,4090
1913,2941
1913,3135
1914,2067
1914,2509
1914,2968
1914,4276
1914,4299
1914,1671
1914,3084
1914,3700
1914,1629
1916,2684
1916,3163
1918,2336
1918,2595
1918,1862
1918,2476
1918,2411
1921,3892
1923,3435
1923,3081
1924,2652
1924,3194
1926,4032
1926,4179
1926,2133
1926,2872
1926,4078
1928,4191
1928,3493
1928,3855
1929,2412
1929,3320
1929,3529
1929,3503
1929,3742
1929,4319
1929,1844
1932,2441
1932,2675
1932,2690
1932,3751
1932,1123
1932,3764
1934,3599
1934,3604
1934,3811
1934,3832
1934,3878
1934,3982
1934,1315
1934,2967
1934,3438
1934,1549
1934,2672
1935,2815
1935,2302
1935,3209
1936,2843
1936,3521
1936,4279
1936,2530
1936,1792
1938,1257
1939,3359
1939,3392
1939,3808
1939,2121
1939,3542
1942,2173
1942,2630
1942,3512
1942,3529
1943,2045
1943,2336
1943,3287
1943,3434
1943,4281
1943,2778
1943,3199
1944,2153
1944,2166
1944,3321
1944,3075
1946,2283
1946,2970
1946,3830
1946,3870
1946,4218
1946,4303
1946,1545
1946,2217
1946,2999
1946,4241
1946,3776
1949,3331
1952,2416
1952,3697
1954,2407
1954,2716
1954,2718
1954,3062
1954,3152
1954,3964
1954,2357
1954,3802
1954,3358
1956,3888
1959,2269
1961,2512
1961,2896
1961,1120
1961,2458
1961,2118
1962,2582
1962,3686
1962,4293
1962,3054
1962,4099
1963,3702
1963,3759
1963,4133
1963,4330
1972,2765
1972,1642
1972,4049
1973,3572
1973,2570
1976,2116
1978,2183
1978,2392
1978,3102
1978,3680
1978,2575
1983,3434
1983,3502
1983,3511
1983,3877
1985,1272
1986,3511
1986,4319
1990,2283
1990,2824
1990,4191
1990,4216
1991,1993
1991,2330
1991,2336
1991,2352
1991,2539
1991,2773
1991,3376
1991,3843
1991,4371
1991,1447
1991,3022
1991,3956
1993,1845
1993,2920
1993,3818
1997,2132
1997,2151
1997,2723
1997,3301
1997,3521
1997,3693
1997,4090
1997,4147
1997,4191
1997,2135
1997,2780
1997,2855
1997,3193
1997,3366
1997,4217
1998,2211
1998,2326
1998,2361
1998,2471
1998,2675
1998,3101
1998,3321
1998,3994
1998,4030
1998,1285
1998,1837
1998,4192
1998,3876
1998,2694
1998,2110
1998,3666
2000,3724
2004,2804
2004,4082
2004,2918
2004,3366
2004,3564
2007,3047
2007,3242
2007,3719
2007,1900
2007,4363
2008,2123
2008,2702
2008,3170
2008,2895
2009,3113
2009,3889
2009,1718
2009,2602
2009,3234
2009,3892
2010,2194
2010,3528
2010,4217
2013,1834
2016,2641
2016,2736
2016,3480
2016,4077
2016,2298
2017,2773
2017,2576
2021,3334
2021,3578
2021,3990
2022,2231
2024,2173
2024,2354
2024,2585
2024,3134
2024,3707
2024,3416
2024,3957
2024,1891
2027,2683
2027,2746
2027,3627
2027,3934
2027,1839
2027,2068
2027,3903
2027,2962
2028,2654
2028,2956
2028,3143
2028,4386
2033,2690
2033,3042
2033,3102
2033,4352
2033,2178
2036,3599
2036,3785
2036,4184
2036,1108
2037,2906
2037,3183
2040,2927
2040,3477
2040,3811
2040,4322
2041,2896
2043,2370
2045,2447
2045,3134
2045,3450
2045,3511
2045,2978
2045,3310
2045,4129
2045,2962
2047,3736
2050,2585
2050,2757
2050,3176
2050,3602
2050,3722
2050,4091
2050,4105
2050,4367
2050,1273
2050,2042
2050,2867
2050,3195
2050,3717
2050,3975
2050,4155
2051,3307
2051,4356
2052,2620
2052,3251
2052,3578
2053,3541
2053,3654
2053,3777
2054,1868
2054,3030
2067,2788
2067,2939
2067,3079
2067,3211
2067,4193
2067,1756
2067,2306
2067,4274
2069,4373
2069,2057
2069,2694
2069,1598
2074,2859
2075,2632
2075,2723
2075,3008
2075,3622
2075,3800
2075,3969
2075,3815
2075,3474
2080,2336
2080,2843
2080,1330
2080,1770
2080,3219
2083,2559
2083,3643
2083,3931
2083,1259
2083,3022
2083,3975
2084,2777
2087,4392
2087,3365
2091,2261
2091,4359
2091,1140
2091,1267
2091,2877
2091,2920
2094,2412
2094,4080
2095,2283
2095,3746
2102,2241
2102,2716
2102,2998
2102,3029
2102,3335
2102,3632
2102,3725
2102,1453
2102,1575
2102,1845
2102,3592
2102,3661
2102,3942
2102,4251
2102,3902
2102,3106
2103,3172
2103,3702
2103,2513
2103,1438
2104,2512
2104,2233
2104,3439
2106,3240
2106,3792
2106,3823
2106,1178
2106,1389
2107,3029
2107,3512
2107,3556
2107,3809
2107,4374
2107,2999
2107,1276
2115,2214
2115,3282
2115,3271
2123,2763
2123,2861
2123,4372
2123,4390
2123,1121
2132,4136
2134,3245
2134,3735
2134,1273
2134,2865
2134,2978
2140,2179
2141,2746
2141,3353
2141,1166
2141,3011
2144,2585
2144,2796
2144,3119
2144,4183
2144,4171
2146,2901
2146,3997
2146,3487
2146,4301
2146,2285
2149,3450
2149,1582
2151,1262
2151,1545
2155,3111
2155,3096
2155,3666
2158,3190
2158,3347
2159,4322
2159,1974
2159,3907
2159,2863
2162,2512
2162,2718
2162,3140
2162,3489
2162,4359
2162,2126
2162,3940
2162,2334
2163,2684
2163,3091
2163,4074
2166,2750
2166,3092
2166,2066
2166,4085
2166,4112
2166,2170
2171,2267
2171,3753
2173,2189
2173,3183
2173,4017
2173,4247
2173,1629
2174,2472
2174,2887
2174,3597
2174,3083
2175,3087
2175,3293
2175,3502
2175,1870
2175,3704
2175,1683
2175,1126
2180,2366
2180,1423
2182,2287
2182,2842
2182,4017
2182,2212
2183,2416
2183,3500
2183,3810
2183,1994
2183,3614
2183,1617
2185,2481
2186,3834
2186,1739
2187,3094
2187,3625
2187,1327
2187,3103
2187,3737
2189,3030
2189,2694
2189,1741
2192,2912
2192,4017
2192,3357
2195,3082
2195,3735
2195,4371
2195,1643
2195,3160
2195,4068
2200,2618
2205,2410
2205,3572
2205,3624
2205,1357
2208,2347
2208,3026
2208,3042
2208,3724
2208,3782
2208,3614
2210,3133
2210,3839
2210,2125
2210,2918
2210,3941
2210,3614
2211,1471
2213,3515
2213,4296
2214,3092
2214,4113
2220,3631
2220,3891
2220,2397
2222,4062
2222,4346
2222,2126
2222,3474
2223,4082
2224,2642
2224,3203
2235,2997
2235,3804
2235,1543
2235,1576
2235,2530
2235,2732
2235,4285
2235,1126
2235,2575
2235,2863
2237,4115
2241,2789
2241,3183
2243,3534
2243,2878
2243,3271
2246,3270
2247,2390
2247,3203
2247,3798
2253,3201
2253,3006
2254,2883
2254,1200
2261,3232
2261,3347
2261,4082
2261,4281
2261,2928
2261,3209
2261,2364
2261,2282
2261,2591
2262,2453
2262,3533
2262,3501
2263,3005
2263,3376
2264,2462
2264,2319
2264,2406
2264,3225
2266,3102
2266,3127
2266,3394
2266,4082
2267,2412
2267,2677
2267,3097
2267,3293
2267,3577
2267,3732
2267,4025
2267,4179
2267,4367
2267,1671
2267,1756
2267,3011
2267,3149
2267,3214
2267,3463
2267,1450
2267,3422
2269,2599
2272,2466
2272,2652
2272,3516
2272,3741
2272,4048
2272,4202
2272,1330
2272,2542
2273,4337
2277,3318
2277,4352
2278,2312
2278,2784
2278,1423
2278,1868
2278,2044
2279,2549
2280,3684
2280,3686
2280,3228
2281,2972
2281,3163
2281,2859
2283,2452
2283,2690
2283,2842
2283,3258
2283,3810
2283,4114
2283,1152
2283,1205
2283,1824
2283,2867
2283,3398
2283,3578
2283,3929
2286,2408
2286,2614
2286,2847
2286,4398
2286,3977
2286,2962
2287,2610
2288,2632
2290,3540
2290,4344
2290,3927
2290,1438
2293,3916
2294,4367
2296,2476
2296,2834
2296,1901
2299,2405
2299,3029
2299,3102
2299,1855
2299,2730
2300,2984
2300,4361
2300,4249
2301,2336
2301,2338
2301,2599
2304,1888
2304,3429
2308,2447
2308,2466
2308,3032
2308,3991
2308,4093
2310,2802
2310,4079
2311,3008
2311,3147
2311,3707
2312,3015
2312,3709
2312,3212
2315,3810
2318,3456
2318,3805
2318,3490
2318,2063
2320,3183
2320,1669
2320,2387
2325,3258
2325,3702
2326,2716
2326,3264
2329,1679
2330,3889
2330,4296
2330,2079
2330,3093
2330,2387
2335,2125
2335,4265
2336,2491
2336,2497
2336,2523
2336,4017
2336,4333
2336,4354
2336,1372
2336,2042
2339,3417
2343,2486
2343,2847
2343,4183
2343,1388
2343,3233
2343,3501
2344,4008
2346,2624
2346,1343
2347,3225
2347,3228
2347,2387
2348,2416
2349,3334
2349,3556
2349,3566
2349,4021
2349,2841
2349,3073
2350,3872
2350,1614
2350,3048
2350,1749
2351,2447
2351,2933
2351,3016
2351,3183
2351,3237
2352,3951
2359,2527
2359,2625
2359,3547
2359,3843
2359,3848
2359,4101
2359,1511
2359,2431
2359,4291
2362,3502
2366,2528
2366,2582
2366,2862
2366,2285
2368,2595
2368,4374
2369,2987
2369,4135
2369,4136
2369,2240
2369,2590
2369,4207
2369,4283
2369,1549
2370,2552
2370,3800
2370,4164
2370,2046
2372,2912
2372,3600
2372,3866
2372,4039
2372,2429
2372,3304
2372,3700
2375,2430
2375,2472
2375,2819
2375,3354
2375,3556
2375,3912
2375,4082
2375,4218
2375,4330
2375,3422
2379,3368
2379,3624
2379,4204
2379,1739
2379,4087
2379,2184
2379,1637
2388,2796
2390,2418
2390,3690
2390,3785
2390,3844
2390,4100
2390,2778
2391,2614
2391,3258
2391,3981
2391,4328
2391,2029
2391,4357
2391,1208
2392,3362
2392,2031
2392,3200
2394,3804
2394,2848
2398,1844
2398,2863
2404,2477
2404,3736
2404,1166
2405,2632
2405,2795
2405,4012
2407,3288
2407,1423
2407,1872
2407,4024
2408,3782
2408,2679
2408,4205
2408,4258
2410,3044
2410,3629
2410,4173
2410,1681
2410,2231
2412,2952
2412,3823
2412,4279
2412,4303
2412,2135
2412,2154
2412,2515
2416,2908
2416,2946
2416,3556
2416,2476
2416,3441
2418,4386
2418,3757
2420,3050
2420,3377
2420,4374
2420,1511
2427,1440
2434,3017
2434,3143
2434,1148
2434,2513
2435,3143
2435,1421
2435,2978
2435,3410
2437,3521
2437,2817
2437,3570
2441,2829
2441,3863
2441,3866
2441,2613
2442,4020
2444,2609
2444,2718
2444,3804
2444,4371
2444,3361
2447,3279
2447,3577
2450,2928
2450,3769
2451,4230
2451,3941
2451,1814
2452,4373
2452,1426
2452,2125
2460,2956
2462,3396
2462,4354
2462,3011
2462,3209
2466,1166
2466,2042
2471,1856
2472,2765
2472,2823
2472,2908
2472,2125
2472,2413
2472,3083
2472,4169
2472,2426
2475,2580
2475,3183
2477,3183
2477,3320
2477,2306
2477,4112
2478,2746
2478,2764
2478,3207
2478,3264
2478,3435
2478,4390
2479,1285
2479,3737
2480,2984
2480,3759
2480,4225
2480,1316
2480,1968
2480,2259
2480,2727
2480,3710
2482,2831
2482,3399
2482,4130
2482,3871
2482,3191
2482,2419
2485,1327
2485,4019
2486,3067
2486,3154
2486,3248
2486,4161
2486,1863
2486,2458
2486,3210
2487,2759
2487,4133
2487,4222
2487,4385
2487,3438
2487,1143
2487,1526
2491,3365
2496,2588
2496,2836
2496,3643
2496,2780
2496,3209
2496,4358
2496,4049
2496,1792
2497,3209
2497,2170
2509,2796
2511,2912
2511,4361
2512,3245
2512,2030
2512,2942
2512,3564
2516,3051
2516,3599
2516,4386
2516,2493
2516,4138
2516,1626
2519,1145
2519,2818
2519,3685
2523,3017
2523,3843
2524,2908
2524,2997
2524,3242
2524,3338
2524,3837
2524,2688
2526,2652
2526,3094
2526,3293
2526,3318
2526,3470
2526,3823
2526,4222
2526,1994
2526,2364
2526,1367
2527,2702
2527,2824
2527,3256
2527,3682
2527,2233
2528,4101
2528,1199
2528,1466
2528,1863
2539,2879
2539,2956
2539,3451
2539,3541
2539,3694
2539,4266
2539,4328
2539,1595
2539,2481
2549,3362
2549,1594
2552,3206
2552,4367
2552,4024
2552,3659
2552,1901
2559,3311
2559,3547
2559,2133
2559,1486
2560,4102
2560,3083
2562,3115
2562,3190
2562,3334
2568,2819
2568,1426
2568,3638
2572,3831
2572,4102
2573,3029
2573,3732
2573,2306
2581,3377
2581,3553
2581,3735
2581,1888
2582,3163
2582,3279
2582,3318
2582,3529
2582,3724
2582,4165
2582,1718
2582,1945
2582,3214
2582,3942
2585,3690
2585,2218
2585,2414
2585,3499
2585,3993
2585,3271
2587,2824
2587,2088
2587,4205
2587,2334
2587,4113
2588,4080
2588,2066
2593,3182
2593,3395
2593,3694
2593,4147
2593,3936
2595,3144
2595,1186
2597,3378
2597,3380
2597,3436
2597,1389
2605,3173
2605,3251
2605,4313
2605,3169
2608,3650
2609,4062
2609,4127
2609,3936
2610,2770
2610,4082
2610,3429
2610,4060
2611,4072
2611,4090
2611,4101
2611,2990
2611,3769
2611,4221
2612,3133
2614,2757
2614,3156
2614,3426
2614,4277
2614,1814
2614,1569
2616,3006
2622,3015
2622,3577
2622,3911
2624,2687
2624,3144
2624,2217
2624,2245
2624,3564
2624,2973
2624,3963
2625,4041
2625,2042
2625,3317
2626,3848
2626,2513
2626,3737
2627,3523
2630,3865
2632,3245
2632,2574
2632,3201
2632,1266
2638,3708
2638,2002
2639,2599
2642,2862
2642,3435
2642,4127
2642,2231
2642,3474
2642,1126
2650,3784
2650,2313
2650,3452
2650,4150
2650,4155
2650,2307
2651,3076
2651,3265
2651,3903
2652,2786
2652,3092
2652,3255
2652,3213
2652,2411
2654,2861
2654,3955
2654,4087
2654,1188
2661,4048
2664,3902
2665,1200
2665,2413
2666,3982
2666,4273
2666,2426
2667,2750
2667,2861
2667,3547
2667,4342
2667,3422
2675,2984
2675,4117
2675,2057
2675,2950
2676,3879
2677,3279
2677,3912
2677,4097
2677,4179
2677,4353
2684,3251
2684,3469
2684,3747
2684,3816
2684,4183
2684,4281
2684,4356
2684,1357
2684,1543
2684,3993
2684,2934
2684,1470
2685,3068
2686,3810
2686,3832
2686,2126
2686,3093
2686,3382
2686,2599
2686,1690
2690,2969
2690,3198
2690,4010
2690,1618
2690,2978
2690,3409
2690,4049
2690,3162
2691,2724
2691,3197
2691,3502
2692,3715
2692,4082
2695,4300
2696,3625
2696,3798
2696,4370
2696,1609
2696,2576
2697,3071
2697,1140
2697,3463
2697,3855
2702,3982
2702,3193
2703,3046
2703,1994
2703,4273
2704,3502
2704,3643
2705,3279
2707,3303
2707,2126
2707,2940
2715,2862
2715,1447
2715,1614
2716,3156
2716,3722
2716,2117
2716,3542
2718,3672
2718,3775
2718,4117
2721,1870
2723,3321
2723,1605
2723,1775
2723,1886
2723,2057
2723,2579
2723,4068
2723,1834
2724,4134
2729,4300
2733,3474
2736,2906
2736,2956
2736,3510
2736,3622
2736,3866
2736,3966
2736,1212
2736,2922
2736,1113
2738,3173
2746,3336
2746,3644
2750,3682
2753,3273
2753,3898
2755,3140
2755,3392
2755,3514
2755,3534
2755,3870
2755,3410
2757,1388
2757,1870
2757,3956
2759,3589
2759,3850
2759,3896
2759,4041
2763,3180
2763,1904
2763,4085
2763,4213
2763,3460
2764,2795
2764,2888
2764,2927
2764,3343
2764,3930
2764,1411
2764,2586
2764,3459
2765,2798
2765,3386
2765,3997
2765,4065
2765,4093
2765,4178
2765,4300
2765,1466
2765,1545
2765,1845
2765,2429
2765,3142
2765,3304
2765,3355
2766,4269
2766,1411
2766,3391
2770,2861
2770,3354
2770,3860
2770,1285
2772,3092
2772,3280
2772,3599
2773,1357
2773,1499
2773,3209
2773,4168
2784,3104
2784,3279
2784,3508
2784,1252
2784,3460
2786,3084
2786,3791
2788,3436
2788,3568
2788,3624
2788,3784
2788,3931
2788,1638
2788,1839
2788,1845
2788,1872
2788,2030
2788,3160
2788,3366
2788,3623
2789,1201
2789,4265
2791,2970
2791,3376
2791,3777
2791,4039
2791,3977
2792,3420
2792,3580
2793,3694
2795,2896
2795,3008
2795,2817
2795,2468
2796,3145
2796,3222
2796,1550
2796,3355
2796,4334
2799,3977
2801,3796
2802,3815
2802,4123
2803,3816
2803,2109
2803,2556
2804,3508
2804,4285
2806,2831
2806,3076
2806,3470
2806,3581
2806,3839
2806,4161
2806,4222
2806,4278
2806,3160
2806,3429
2806,1855
2809,3392
2809,4009
2813,4121
2813,2769
2815,4216
2816,3924
2816,1575
2819,3934
2819,4293
2819,2817
2819,3685
2819,2737
2823,2910
2824,1290
2824,2877
2824,3438
2824,1834
2826,2245
2828,2912
2829,3475
2829,3627
2829,1389
2829,1425
2829,2068
2829,2556
2829,3385
2829,3661
2829,1276
2829,3861
2831,3827
2832,3446
2832,4091
2832,4372
2832,1220
2835,4385
2835,1389
2835,2413
2836,4279
2836,2513
2836,2994
2836,3410
2836,3570
2837,4193
2837,1679
2837,2088
2842,3050
2842,3144
2842,3223
2842,3782
2842,4374
2842,3035
2843,1423
2843,2259
2847,3705
2850,3163
2851,3716
2856,4014
2856,4126
2861,1945
2861,2864
2861,3555
2861,4319
2861,2964
2861,3075
2862,3502
2862,2029
2862,2135
2862,3337
2862,3365
2862,3976
2873,1343
2879,2998
2879,2194
2879,2063
2879,3791
2883,3046
2887,2046
2888,2972
2888,3315
2888,2042
2888,2387
2888,3441
2892,3982
2894,2968
2894,3032
2894,3964
2894,4169
2896,3125
2896,3516
2896,2745
2896,1792
2897,3179
2897,3654
2897,3826
2897,4030
2897,1123
2897,2513
2897,2590
2897,3940
2897,1814
2897,1810
2897,2591
2898,1372
2898,2973
2898,4363
2901,3572
2901,3850
2901,4267
2901,1605
2901,2411
2904,2397
2906,3104
2906,3205
2906,3621
2906,3686
2906,3225
2906,3545
2906,1855
2908,3303
2908,3323
2908,3732
2908,3438
2908,3704
2908,3929
2908,2364
2910,3841
2910,1271
2911,3435
2911,3577
2911,4370
2911,1538
2911,3160
2912,3470
2912,1330
2912,2818
2912,3638
2912,3427
2914,3219
2914,3503
2914,4273
2923,3742
2925,3804
2925,4103
2925,4279
2925,2754
2925,2855
2925,2928
2927,3607
2930,4239
2930,1852
2930,2086
2931,3287
2931,2154
2932,3255
2932,3846
2932,4126
2932,2618
2935,3607
2935,4222
2935,4341
2935,4352
2936,3155
2936,4017
2936,4222
2937,3082
2937,3130
2937,4374
2937,1606
2937,2121
2937,2306
2937,2378
2937,1814
2938,3759
2938,3827
2938,2465
2946,3000
2946,3012
2946,3399
2946,3841
2946,3574
2946,1979
2952,2855
2956,3012
2956,3040
2956,3127
2956,3969
2956,1315
2956,2530
2956,1428
2956,1207
2956,1107
2956,3162
2968,4155
2969,1266
2970,3462
2970,3646
2971,3183
2971,3986
2971,3219
2972,3754
2972,3545
2977,2618
2983,3156
2984,3042
2984,3079
2984,3091
2984,3099
2984,3589
2984,3832
2984,4322
2984,2538
2984,3030
2984,3658
2984,3706
2984,3927
2987,4013
2987,3876
2997,3273
2997,3353
2997,3918
2997,1196
2997,3815
3005,3453
3005,3011
3005,3614
3008,3082
3008,4322
3008,1266
3012,3973
3012,2530
3012,2590
3012,3429
3012,3487
3013,1545
3013,2942
3013,2468
3014,3176
3014,3702
3014,3888
3014,4179
3014,4380
3014,3191
3015,1554
3015,2476
3015,1891
3016,4143
3016,1425
3016,1598
3017,3087
3017,3207
3017,4173
3017,4338
3017,1138
3018,3599
3018,2306
3018,3429
3026,3320
3026,4261
3026,4266
3026,1285
3026,3815
3029,3294
3029,3733
3029,1285
3029,1989
3029,2975
3029,3464
3029,4157
3029,4262
3029,3902
3032,3248
3032,3354
3032,1311
3034,1549
3040,2950
3042,3622
3042,3625
3042,2125
3042,3084
3042,3096
3044,1332
3046,3051
3046,1356
3046,1845
3046,2934
3047,3103
3050,3294
3051,2483
3051,3149
3051,3484
3051,4213
3062,4105
3062,1845
3062,2599
3065,3359
3065,4218
3065,1421
3065,3542
3065,3169
3067,4325
3070,3094
3070,3372
3070,3857
3070,4079
3070,4266
3070,2513
3070,2817
3071,2057
3071,2233
3071,3487
3071,4297
3074,3599
3076,1994
3077,2504
3079,3294
3079,3702
3079,3011
3079,3754
3082,1465
3082,3221
3082,3272
3082,1980
3087,1845
3087,3487
3087,2387
3092,3143
3092,3307
3092,3321
3092,3643
3092,3839
3092,3973
3092,4346
3092,1330
3092,1421
3092,1667
3092,3084
3092,3704
3092,3006
3099,3556
3099,3829
3099,2431
3099,3064
3101,3446
3101,1453
3101,2926
3101,4265
3102,3543
3102,4184
3102,4373
3102,1412
3102,2178
3102,3233
3104,3294
3104,3733
3104,4345
3104,1825
3104,4319
3105,3372
3105,3709
3105,3169
3105,3999
3105,2924
3105,1470
3107,4139
3107,4264
3107,4267
3107,4164
3110,3655
3110,3398
3110,4138
3110,4295
3111,3973
3111,4167
3111,4333
3111,3977
3111,1470
3113,3223
3113,3501
3114,2048
3115,1756
3115,2484
3116,4162
3119,3648
3122,3133
3122,2406
3122,3764
3125,3265
3125,3537
3125,3612
3125,2586
3125,3696
3127,4009
3127,4184
3127,2754
3127,3944
3128,3702
3128,4104
3128,2513
3128,3623
3130,4165
3130,3956
3130,2440
3133,3256
3133,3429
3134,3354
3134,3863
3134,4300
3140,3971
3140,3592
3140,3977
3143,3820
3143,1315
3143,1511
3143,1718
3143,1739
3143,3696
3143,1617
3143,2599
3144,3173
3144,3713
3144,2743
3144,3474
3145,3582
3145,1582
3145,4047
3145,4262
3147,1543
3151,3396
3151,3986
3151,2854
3151,3944
3152,3318
3152,3500
3152,2778
3152,2046
3152,2591
3154,3721
3154,4283
3155,4101
3155,1413
3155,4251
3155,2468
3156,3368
3156,4367
3156,1285
3156,2951
3156,4265
3156,2761
3163,3258
3163,3627
3163,3690
3163,2514
3170,3179
3170,1852
3170,2135
3170,3742
3172,4352
3172,2513
3172,4138
3172,1661
3173,3093
3173,1598
3174,4135
3174,4363
3176,3036
3176,3571
3178,3168
3178,3670
3178,4363
3179,3511
3179,4062
3179,3578
3180,3913
3180,4329
3180,1388
3180,2291
3182,3084
3183,3273
3183,3541
3183,3577
3183,3733
3183,4299
3183,4112
3187,4359
3187,4265
3187,2694
3190,4227
3197,3205
3197,4136
3198,2256
3203,2217
3203,3193
3203,3503
3205,3646
3207,3426
3207,3512
3207,4178
3207,4341
3207,1718
3207,1904
3207,2306
3207,2464
3208,2990
3211,3782
3211,2586
3211,3588
3222,3251
3222,1372
3222,1968
3222,2328
3222,2623
3223,4359
3223,1372
3237,4087
3237,3210
3238,4053
3240,3452
3243,1434
3245,3131
3248,3913
3248,4372
3248,3560
3248,3696
3251,3392
3251,3823
3251,3945
3251,4041
3251,1639
3251,1671
3251,2590
3251,2967
3251,3667
3251,3967
3256,3783
3256,4278
3256,1351
3256,1825
3256,4061
3257,2797
3258,4296
3258,1108
3258,1166
3258,1900
3258,2289
3258,3168
3258,2364
3258,2411
3264,3971
3264,2191
3264,2579
3264,4217
3265,3287
3265,3866
3265,2360
3266,3800
3266,4105
3266,2780
3266,4037
3273,3632
3273,3827
3273,4272
3273,1560
3273,2302
3273,3409
3273,4251
3279,3929
3280,3808
3280,1872
3280,3956
3282,3458
3282,1178
3282,3081
3282,3685
3287,3738
3287,3973
3287,2221
3287,2928
3287,3944
3288,3511
3288,3746
3288,1145
3288,2978
3288,3416
3293,4392
3294,3580
3294,4008
3294,4337
3294,1718
3294,1989
3294,2276
3294,2289
3294,3081
3294,3317
3294,3366
3294,3661
3294,3944
3295,3572
3295,3843
3295,2859
3296,4373
3296,2198
3301,3955
3301,2854
3302,1839
3302,2126
3302,3936
3302,1451
3302,2761
3303,4346
3303,3494
3311,3681
3311,3849
3311,3890
3313,4265
3318,3537
3318,3547
3318,2432
3318,3083
3319,3512
3319,3398
3320,3384
3320,3521
3320,1267
3320,2101
3320,2240
3320,2872
3320,2918
3320,4037
3320,4283
3320,2387
3321,3600
3321,3634
3321,3649
3321,3864
3321,4013
3321,3317
3321,3623
3321,1271
3323,4020
3323,1145
3323,2940
3324,3456
3324,4341
3324,2679
3325,3434
3325,3436
3325,3337
3327,4213
3328,3713
3328,3862
3328,2429
3328,3271
3332,4322
3332,4341
3332,3068
3334,2473
3335,4091
3335,3976
3336,3622
3336,3767
3343,1285
3343,1311
3343,1863
3343,4155
3347,4162
3347,1166
3347,2575
3351,3650
3351,4112
3353,3392
3354,3365
3354,1792
3356,3547
3356,4117
3356,2522
3356,3957
3356,3793
3359,4105
3359,3221
3362,3410
3368,4136
3368,4161
3368,1770
3368,3361
3372,3751
3372,3866
3372,2875
3372,3721
3372,2694
3376,3932
3376,3982
3376,2694
3376,2046
3377,4281
3378,2613
3379,1974
3380,1453
3381,3421
3381,3866
3381,4126
3381,3528
3384,4215
3386,3508
3386,3825
3388,4191
3388,3358
3389,2307
3392,3632
3392,4103
3392,4117
3392,2744
3392,3967
3392,4240
3392,4357
3394,1138
3395,3663
3395,2042
3395,4181
3396,3162
3397,1618
3397,1770
3399,3894
3399,3564
3399,2468
3405,3605
3405,3083
3417,1254
3417,2057
3417,2289
3420,3468
3420,2599
3421,3022
3421,3564
3421,4221
3426,1868
3430,3209
3430,3907
3430,4217
3434,3686
3434,3782
3434,4254
3434,1145
3434,2413
3435,4069
3435,1200
3435,1872
3435,4358
3436,4145
3436,4348
3436,2550
3437,1434
3444,3710
3446,4266
3446,4138
3450,2245
3451,1775
3453,3228
3455,3512
3455,3823
3455,2085
3455,2476
3455,3942
3455,4381
3456,3644
3456,3702
3456,2285
3458,3502
3458,3650
3458,3977
3461,3844
3461,4267
3461,4344
3461,2928
3461,4286
3462,3599
3462,3955
3462,2725
3462,3545
3462,2198
3468,4008
3469,1863
3470,3521
3470,2066
3475,4398
3475,2244
3475,4295
3476,3955
3476,4216
3477,3521
3477,3592
3477,2950
3480,3767
3480,4190
3485,3622
3489,3917
3489,1288
3491,4147
3491,3438
3491,4049
3491,4053
3498,3572
3498,3755
3500,3808
3500,4341
3500,3193
3502,4218
3502,2101
3502,3564
3502,3877
3502,1118
3508,2059
3508,2068
3508,2978
3508,1113
3510,1315
3510,2285
3510,2962
3511,2855
3511,3429
3511,3438
3511,4262
3511,3781
3512,1671
3512,3194
3512,3169
3514,3945
3515,3622
3515,4028
3515,2777
3516,4105
3516,1550
3521,3753
3521,3832
3521,1196
3521,2042
3521,3452
3521,3493
3522,3646
3523,4120
3523,4359
3523,2133
3523,3212
3523,4285
3523,1549
3523,3876
3529,2193
3529,3073
3529,2954
3533,3588
3533,4273
3533,1768
3534,3601
3534,3932
3536,2902
3537,3755
3538,3924
3540,3439
3541,3622
3541,3782
3543,3732
3543,1900
3543,2725
3543,2854
3543,3588
3543,1891
3543,3714
3543,2360
3547,3865
3547,3666
3549,3686
3549,1856
3549,2109
3549,2848
3549,4037
3549,1107
3549,3902
3553,4300
3553,2030
3553,2298
3553,4358
3553,3963
3556,3732
3556,3878
3556,4117
3556,1201
3556,1739
3556,2340
3566,3929
3568,4008
3568,4050
3568,2202
3568,2493
3572,1389
3572,2473
3572,3213
3573,3638
3577,3811
3577,4226
3580,3890
3580,3898
3580,4308
3580,1266
3581,2975
3582,3630
3583,3732
3583,4072
3583,4296
3583,1511
3587,3835
3587,2797
3593,2319
3597,3756
3597,4329
3597,3926
3599,3766
3599,3782
3599,3841
3599,4179
3599,2725
3599,3064
3599,3195
3599,3764
3600,3964
3600,1145
3600,3891
3600,3927
3601,3756
3601,2432
3602,2245
3603,1825
3604,1389
3604,4171
3605,4386
3605,1989
3605,3073
3607,4049
3610,3890
3612,2289
3612,1855
3612,1272
3618,3142
3618,3716
3618,2613
3618,3297
3620,2854
3620,3977
3621,3735
3621,3798
3621,4204
3621,1807
3621,3459
3622,3675
3622,4079
3624,3634
3624,3774
3624,4300
3624,2233
3625,3647
3625,1332
3627,3634
3629,4017
3629,4091
3630,1845
3630,4273
3632,2225
3632,4342
3634,4165
3634,4267
3635,2586
3635,4129
3635,3137
3643,4145
3643,2598
3643,2943
3643,3614
3643,2334
3644,2118
3645,4191
3645,1200
3645,1718
3645,2426
3645,3638
3647,4099
3648,3233
3648,3578
3650,4041
3654,4039
3654,1196
3655,3945
3655,1315
3655,2357
3663,4101
3663,1166
3663,2920
3663,3213
3663,3406
3663,1266
3669,1718
3669,2291
3669,4286
3669,2387
3669,1668
3672,3955
3672,4281
3672,4378
3672,2109
3672,4129
3673,4161
3676,3829
3676,4137
3676,4378
3680,4147
3680,4346
3680,3175
3681,3759
3681,3704
3686,2126
3686,2556
3686,3416
3686,1526
3690,3735
3690,3767
3690,3832
3690,1360
3690,1425
3690,2859
3693,2522
3694,4010
3694,2872
3694,3073
3694,3667
3694,3685
3694,3687
3697,3588
3702,3970
3702,1809
3702,3737
3702,2963
3707,2387
3708,4207
3709,3861
3715,1285
3719,3160
3722,1980
3724,3844
3724,3889
3724,2178
3724,2623
3724,3081
3724,3967
3724,3776
3725,3772
3726,3735
3726,3826
3732,3893
3732,2570
3732,2334
3733,1511
3733,3422
3735,4041
3735,4266
3735,1606
3735,3716
3736,3564
3736,3907
3736,4379
3738,2109
3738,2995
3738,1814
3739,3889
3739,3406
3741,3545
3744,2893
3746,3775
3747,3823
3747,3945
3747,3769
3748,2623
3748,3063
3751,4385
3751,1543
3751,2431
3751,2586
3751,2775
3751,4060
3751,4285
3752,2414
3753,3997
3753,4173
3753,2978
3753,3929
3753,3441
3753,4113
3755,3093
3756,1560
3756,2190
3759,4104
3759,3757
3766,2306
3767,1989
3774,4190
3775,3810
3775,2160
3775,3083
3775,1901
3777,3823
3777,1257
3777,1285
3777,2289
3778,4191
3778,4293
3778,1356
3782,3878
3782,3945
3782,3973
3782,4299
3782,2125
3782,3011
3782,2521
3782,1692
3782,1749
3783,3416
3784,4119
3784,4068
3785,3049
3785,3459
3785,3501
3786,1257
3792,2975
3796,4328
3796,4049
3798,1836
3800,1267
3800,1290
3800,1834
3803,4139
3803,2303
3804,4216
3804,4289
3804,1200
3804,3588
3804,1563
3808,4218
3808,4269
3808,1152
3808,1594
3808,1856
3808,2042
3808,3493
3808,4057
3808,4099
3808,4249
3808,4295
3808,2198
3809,3856
3809,1465
3810,1290
3810,1695
3810,1824
3810,3716
3810,4295
3810,4131
3811,3842
3811,4082
3811,4254
3811,3764
3811,2934
3816,3596
3823,1315
3823,1868
3823,3083
3823,4245
3823,1858
3826,3696
3827,2464
3829,3851
3829,1338
3829,2513
3831,2483
3831,3291
3832,2358
3832,2431
3832,3410
3832,4213
3835,3048
3839,1554
3839,2623
3839,3463
3841,1391
3841,1574
3841,4058
3842,4390
3843,3904
3843,1259
3843,1626
3844,3981
3846,2421
3849,1266
3850,1412
3850,2513
3856,2088
3856,3439
3856,2613
3857,2633
3862,3574
3863,4395
3863,3195
3864,2864
3865,3934
3865,2725
3865,3917
3865,2387
3866,4322
3866,4343
3866,4371
3866,2240
3866,3940
3866,2564
3866,2170
3866,2426
3870,1872
3870,4205
3878,4385
3878,3942
3878,2364
3882,3953
3882,2934
3888,4239
3888,3570
3888,4150
3889,4147
3889,1252
3890,4044
3890,2198
3893,1617
3894,4079
3894,2306
3894,1626
3897,4293
3897,4049
3898,3542
3904,2063
3911,3791
3913,4074
3918,4372
3918,1852
3919,4359
3919,2298
3924,1425
3924,3439
3930,2990
3931,2306
3931,2854
3931,3493
3931,2688
3932,4022
3932,1166
3932,2406
3945,3969
3945,4344
3945,1178
3945,3209
3945,3474
3950,4380
3950,3108
3951,2576
3953,3177
3953,3400
3953,4026
3953,4270
3953,2521
3954,4104
3954,4143
3955,4371
3955,1290
3958,4218
3958,4373
3958,1888
3958,3815
3960,3971
3960,3716
3960,1629
3964,4069
3964,2088
3964,2324
3964,3700
3964,2464
3966,3994
3968,2221
3969,4173
3969,4213
3969,2924
3971,1450
3973,2483
3973,2633
3973,3570
3973,3106
3979,1845
3979,3370
3979,1251
3979,1626
3981,3903
3982,3957
3982,4099
3982,4212
3983,4356
3986,2240
3986,4029
3986,3391
3986,2934
3994,2884
3994,4363
3995,2943
3997,2926
3997,2782
3997,2360
3997,1255
4008,2079
4008,3175
4009,4010
4009,4082
4009,1178
4009,3304
4009,4251
4009,4049
4009,2599
4010,3596
4010,3162
4013,4030
4013,3805
4013,4026
4014,1315
4014,2950
4016,4212
4016,1266
4017,1262
4017,1865
4017,4205
4017,4304
4020,2959
4021,2042
4022,2744
4023,2340
4023,3494
4030,3892
4030,4157
4030,2940
4031,1575
4031,3706
4033,2400
4033,4247
4034,3030
4034,3063
4036,1178
4039,3011
4041,4331
4041,1316
4041,3429
4041,4074
4041,3460
4050,2125
4050,2780
4050,2184
4054,4161
4054,3916
4065,1188
4066,3905
4069,4102
4069,1545
4069,2116
4072,2848
4072,3416
4072,3474
4079,1904
4079,2413
4079,4042
4080,3337
4082,2781
4090,4049
4090,4024
4090,1470
4093,2240
4093,2458
4093,3075
4097,4105
4101,2126
4101,3764
4101,3929
4101,4258
4102,4225
4102,4352
4102,3387
4102,4319
4103,4267
4103,4308
4103,2679
4103,2877
4103,1450
4103,2934
4105,4136
4105,3837
4106,2340
4106,3564
4106,4226
4114,2252
4115,4312
4115,2302
4115,2046
4117,2135
4118,2962
4118,3490
4118,3927
4126,4269
4126,3818
4127,1809
4130,4373
4130,2855
4130,3463
4130,3944
4135,2400
4135,2413
4135,2994
4135,2963
4135,2440
4137,1718
4139,4215
4139,2319
4139,3721
4143,2743
4143,4357
4147,1411
4147,3011
4147,3506
4158,1121
4158,1205
4158,1594
4161,2125
4161,2152
4161,2194
4163,1433
4165,4356
4165,1974
4165,3193
4165,4262
4165,1207
4165,4363
4167,3160
4167,2950
4170,2244
4173,4266
4173,2834
4178,3892
4179,4348
4179,1108
4179,2236
4179,2240
4179,3815
4179,3855
4179,3788
4184,2967
4185,2212
4185,3221
4187,1718
4187,1626
4190,1389
4191,1285
4191,2995
4191,3075
4193,2421
4193,3390
4199,1178
4200,4266
4202,4372
4202,2334
4204,3331
4215,4297
4216,4213
4222,4304
4225,1254
4225,2240
4225,2854
4225,3300
4227,4393
4228,2960
4230,2959
4230,2411
4236,4213
4239,1262
4254,3528
4254,3570
4263,1965
4264,4049
4266,1447
4266,1511
4269,2473
4269,3177
4272,2671
4276,1450
4276,3441
4277,3793
4277,2858
4279,4361
4279,2962
4281,3031
4281,3570
4281,4241
4288,4395
4288,3063
4288,3447
4289,4367
4289,1689
4289,1852
4289,2538
4289,4049
4293,1360
4293,3410
4293,3638
4296,4371
4296,1138
4296,1895
4299,4368
4299,1886
4300,2324
4300,2465
4300,3193
4300,3195
4300,4295
4313,4383
4313,1560
4313,2483
4313,3501
4313,3191
4317,1267
4317,1425
4317,2778
4317,4129
4320,2469
4322,4372
4322,1866
4322,2476
4322,1450
4322,4146
4325,1824
4325,3837
4327,2154
4327,2233
4327,3160
4329,4037
4330,1866
4330,2449
4331,1413
4331,1968
4331,3452
4333,2426
4337,2306
4337,3501
4343,1315
4343,1614
4343,1994
4343,3422
4344,2994
4344,4045
4345,4129
4346,1411
4348,3805
4352,4367
4352,4390
4352,2031
4352,2302
4352,4262
4352,3793
4352,1126
4353,2353
4354,1617
4356,2725
4359,1145
4361,2340
4361,3721
4361,2599
4361,2648
4367,3717
4367,3903
4367,2761
4367,2934
4368,1259
4368,1285
4368,1824
4368,4379
4370,2429
4370,3901
4372,2495
4373,1595
4373,2884
4373,3189
4374,3416
4374,4307
4378,3459
4380,3815
4380,3999
4383,1252
4383,2504
4383,2530
4383,4019
4383,1188
4386,2902
4390,1960
4390,4155
4392,2732
4392,4286
4392,3652
4392,3006
4395,2302
4398,1434
4398,1207
1108,2154
1108,2432
1114,1220
1121,1411
1121,2940
1123,3129
1125,1143
1138,3905
1138,4295
1140,3410
1148,2458
1148,2613
1148,4131
1152,2193
1152,3410
1166,2769
1166,1901
1178,1276
1196,3371
1200,2259
1200,2046
1201,1863
1201,2256
1201,1450
1205,2481
1212,2514
1220,1285
1220,1642
1220,1667
1220,3160
1220,3658
1220,3449
1231,4324
1252,1499
1254,1825
1254,2818
1254,3957
1254,3666
1256,2855
1257,1499
1262,1285
1262,3757
1267,1447
1273,4307
1285,2154
1285,1891
1285,1272
1290,1891
1311,1538
1311,3011
1311,3366
1311,3493
1311,2118
1315,2088
1316,3337
1327,2907
1330,3416
1330,4283
1332,1868
1332,2126
1339,2623
1343,3944
1351,2465
1351,4029
1351,1367
1356,2633
1356,4273
1356,3876
1357,2413
1357,3410
1357,2364
1357,3638
1357,3441
1360,2818
1360,3391
1372,1582
1372,1609
1372,2030
1372,2895
1372,4085
1372,1901
1389,1868
1389,3696
1411,3570
1413,1807
1413,2918
1413,3129
1421,3837
1421,4307
1423,1775
1423,2059
1423,2245
1425,1974
1425,2978
1425,3387
1426,1720
1465,2818
1465,4357
1471,3441
1499,3409
1511,1718
1511,4307
1511,1451
1511,1891
1511,3135
1511,1616
1538,1646
1538,3501
1538,4334
1543,2867
1545,3438
1554,2907
1554,4037
1560,1775
1560,2473
1560,2745
1574,2319
1574,1438
1575,1836
1582,3685
1582,2671
1595,4268
1605,1824
1605,1862
1614,1825
1614,2579
1614,1598
1642,3757
1642,3855
1642,1428
1642,2419
1667,1845
1667,3093
1667,3638
1671,3658
1671,1384
1679,2259
1679,1814
1689,3721
1695,2429
1695,2353
1733,2797
1756,3299
1756,1563
1759,2212
1759,3317
1775,2855
1775,2950
1807,3452
1809,3891
1809,4037
1824,1994
1824,2044
1824,4155
1825,2057
1825,2744
1825,3416
1825,4274
1825,1669
1839,3137
1841,2194
1841,3525
1852,2818
1856,2655
1863,3169
1865,2950
1866,1451
1868,3764
1868,3075
1882,2218
1886,3858
1888,2059
1888,2298
1888,2302
1888,3464
1900,2429
1900,2978
1900,3780
1945,1741
1950,2743
1951,3623
1960,3576
1964,1470
1965,3975
1965,1858
1968,2057
1968,3331
1968,3169
1968,3791
1989,3221
1989,3487
1992,2780
1992,1266
2029,3214
2029,3387
2029,3592
2029,3623
2031,2135
2031,2867
2031,4087
2031,4334
2031,1844
2042,4357
2057,4060
2066,2994
2079,2432
2079,2975
2079,3093
2085,3221
2088,2884
2088,3978
2088,1814
2088,1255
2096,2204
2096,3813
2096,4221
2121,1450
2125,2618
2125,3366
2125,3570
2125,3131
2125,1626
2125,1569
2126,3160
2139,1749
2152,3371
2154,4019
2154,1312
2160,3370
2160,3398
2160,3416
2178,2542
2191,2429
2191,3189
2193,3499
2193,3162
2194,2276
2194,2504
2194,2778
2194,1188
2204,4205
2204,2940
2212,3135
2217,3501
2218,2340
2218,3855
2221,3474
2231,4112
2236,2259
2236,3006
2240,2413
2240,2493
2240,3564
2240,2655
2240,3137
2244,3942
2245,2951
2245,2978
2245,3871
2259,4099
2268,1428
2276,1836
2276,1616
2289,2556
2289,1626
2298,4388
2303,2458
2303,3391
2306,2406
2306,2586
2306,3083
2306,3262
2306,2934
2319,1188
2324,1118
2340,3764
2342,3764
2342,3967
2357,3463
2358,3338
2358,1271
2399,2978
2400,1661
2406,3574
2413,3189
2414,1617
2429,3473
2429,3757
2429,3978
2431,2504
2458,4268
2483,3560
2483,4061
2493,1792
2495,4068
2513,2859
2513,3361
2513,1451
2522,3555
2522,2962
2522,3271
2522,4349
2530,1844
2530,2184
2538,2633
2556,4283
2576,4078
2576,4241
2576,1891
2576,2934
2579,4074
2586,3409
2586,3737
2586,3916
2598,1692
2618,3941
2623,3670
2633,4019
2725,3004
2725,3422
2726,4304
2744,3006
2775,3757
2775,4220
2778,2940
2780,2954
2781,3365
2797,3903
2817,2818
2817,3049
2818,3449
2841,2878
2845,3815
2845,4205
2854,3801
2854,1188
2855,3209
2855,4217
2855,3460
2855,4297
2855,1126
2859,3658
2859,4171
2865,1715
2867,2926
2867,3064
2867,1637
2875,4273
2875,3638
2877,3560
2884,4112
2895,4205
2907,2995
2918,3528
2918,3564
2920,4037
2922,3084
2926,3410
2929,2397
2943,3263
2943,4074
2959,2978
2959,1266
2959,2863
2960,3304
2967,3493
2978,3361
2978,3291
2990,2761
2994,2577
2995,3993
3004,1891
3011,3754
3011,3977
3011,4205
3011,4298
3011,4381
3011,1908
3011,1901
3035,3048
3036,3905
3049,1188
3073,3168
3081,2198
3081,1690
3083,4363
3084,1188
3084,2934
3100,4125
3108,3213
3129,2963
3142,1979
3149,1526
3160,3588
3168,3262
3175,4291
3194,3209
3195,3221
3200,2307
3209,3361
3209,3365
3209,3917
3209,1266
3209,3460
3209,4363
3212,3721
3212,3371
3213,4334
3213,1669
3214,2745
3219,3263
3262,2629
3263,3135
3263,1792
3272,3337
3272,3365
3317,2973
3317,4049
3338,3371
3338,1749
3357,1661
3357,2190
3365,4125
3365,4334
3365,2973
3366,4125
3370,4049
3387,3484
3409,3929
3409,1892
3410,2599
3413,1979
3416,2118
3438,3501
3438,3578
3438,2032
3439,4123
3445,4060
3452,3576
3487,2940
3493,4307
3493,4146
3499,3737
3501,3656
3501,1616
3501,2648
3506,3162
3506,2468
3542,1892
3570,4283
3570,2285
3571,3776
3578,3075
3588,3957
3588,3902
3592,4285
3592,1266
3592,1810
3623,4029
3661,2954
3688,4057
3696,3942
3696,3106
3704,2307
3706,2761
3716,3614
3716,4349
3737,3977
3737,1207
3742,4045
3742,4063
3742,2940
3742,3391
3754,4268
3757,2858
3764,1126
3769,1188
3801,4268
3805,4029
3805,4357
3892,4061
3892,3802
3903,2184
3903,2858
3936,1276
3940,1113
3940,3210
3941,4213
3942,1440
3942,2118
3944,4369
3957,1272
3957,2934
3975,4307
3976,4295
3993,1617
4002,4063
4007,2046
4026,2285
4026,1272
4037,1617
4037,3391
4040,1438
4057,1207
4060,2521
4068,2419
4068,3075
4085,4241
4125,4129
4125,2046
4157,4258
4157,2397
4164,2599
4171,1107
4205,1692
4212,4217
4217,3990
4217,2282
4217,1741
4217,2934
4240,1661
4258,1967
4273,4049
4283,1266
4295,3199
4334,1272
4357,1440
4357,2934
4357,3666
4369,3956
4369,2599
1683,3956
2671,2110
3382,3793
3652,1126
3652,2599
1266,2411
1266,4146
3006,1251
1118,3297
1118,2599
3474,2934
1450,1126
4342,2536
4342,3596
1428,3297
3614,2934
3169,1276
2364,1255
1276,1598
2387,4012
1126,2118
1126,2092
4251,1901
2902,1834
4049,1661
2198,3075
1207,2761
1188,3666
3371,4349
2481,4146
2481,1255
1616,2440
1741,1255
1626,2305
3776,3075
2046,1336
4113,2950
2440,2950
3916,2252
