time,person_id,infection_status
0.0,720,I
0.0013866201637869149,975,I
0.004039429920122812,544,I
0.00689910276865087,662,I
0.01380391791262905,288,I
0.04493404427526088,233,I
0.05832837647361397,338,I
0.09182819641708714,125,I
0.09413615396414514,327,I
0.10788437811603621,614,I
0.11489176784705919,228,I
0.1343341066685724,728,I
0.14874322542299295,402,I
0.1565371165907736,114,I
0.16637161163789224,570,I
0.1665702200783383,682,I
0.1790485181229993,823,I
0.18218086165302624,0,I
0.18525374727191393,225,I
0.18921092758307675,927,I
0.19547197184308018,820,I
0.218123220444201,351,I
0.22305877354694023,721,I
0.2284747279009027,461,I
0.24152385809489874,174,I
0.2751684769507479,71,I
0.27699295979553823,200,I
0.29162400165515134,394,I
0.29541340890253714,127,I
0.29612755662225,406,I
0.31364626154300435,225,R
0.3345555054810141,894,I
0.34135091502753284,200,R
0.35345391133486564,527,I
0.3685408325671501,985,I
0.3972568714958694,680,I
0.4042794379286664,211,I
0.40458670909024097,450,I
0.4121921467890867,314,I
0.4151525043599185,818,I
0.42686590032206295,572,I
0.4326946720264669,251,I
0.4397356585136508,447,I
0.45155871155619676,37,I
0.45702093491443996,394,R
0.4589441557962527,276,I
0.469384740500432,854,I
0.4768558642514848,476,I
0.48710000107581636,276,R
0.4984865593030654,538,I
0.5030978984487682,17,I
0.5077396148079945,117,I
0.5079563845768761,687,I
0.5128772890771977,734,I
0.5349960061953729,295,I
0.5580386779660097,724,I
0.5647318350369701,434,I
0.5741025531101098,640,I
0.585627010499932,589,I
0.5946966727869167,740,I
0.5973624236470407,346,I
0.6007607306935813,469,I
0.6029022388268663,293,I
0.6131526710234094,489,I
0.6269935020392411,349,I
0.6273780085183618,320,I
0.6419801873460433,505,I
0.6520584049628676,726,I
0.6613241471866278,93,I
0.6815446771154693,95,I
0.6909119300370322,168,I
0.6923677076036693,540,I
0.6991715700310631,139,I
0.7005680240815821,562,I
0.7043624607355504,997,I
0.7115925209803752,535,I
0.7323862807304821,544,R
0.7421294941445555,796,I
0.7428361834895487,633,I
0.7429005508083095,701,I
0.7795221587084882,671,I
0.7805755874697925,748,I
0.785513128624267,547,I
0.7992746463290067,681,I
0.8114478116723816,155,I
0.8131109348838813,39,I
0.8228390144178631,152,I
0.8230494413886509,971,I
0.839491350653922,985,R
0.8511677938674658,689,I
0.8521860738627421,674,I
0.8671044266846969,357,I
0.8786378759449395,903,I
0.885905286903356,386,I
0.8944954540081484,106,I
0.9005416955958092,618,I
0.9215348381560649,972,I
0.9221941252444363,833,I
0.9294481904933186,414,I
0.9456278327204395,388,I
0.9526566592241124,414,R
0.9530422357814435,152,R
0.9554433555150005,215,I
0.9602253032395525,357,R
0.9848229635068745,600,I
0.9923193843868942,852,I
0.9925031403721719,909,I
1.0087626675990102,976,I
1.054100313086321,287,I
1.0622362620206076,540,R
1.0710985955390526,153,I
1.0727383962117925,675,I
1.080327109526749,174,R
1.0889947342148922,749,I
1.1227124733539717,650,I
1.127447375676016,717,I
1.1288576686350742,418,I
1.1302844031511559,845,I
1.1525673745847973,75,I
1.1650389904205323,976,R
1.1779434339620742,675,R
1.1790797059353781,563,I
1.206995806004027,841,I
1.220511096455654,230,I
1.2532368013272643,447,R
1.2782485070750467,831,I
1.2801008539244039,375,I
1.287697574122784,482,I
1.28882533874419,838,I
1.2919646741623725,296,I
1.3042643289243012,789,I
1.3100836813794856,931,I
1.3135096707934029,144,I
1.3163736249698352,144,R
1.3336590566833761,577,I
1.335653817184031,827,I
1.3688829617592886,292,I
1.3752487351642195,546,I
1.397177500267643,439,I
1.3995584124846234,256,I
1.4030734379431868,44,I
1.4263337096768378,768,I
1.429763333705829,728,R
1.4344217151064191,940,I
1.4344581784913868,982,I
1.4428678106161321,610,I
1.4470412668163677,710,I
1.4499150085710875,642,I
1.4751925990891994,810,I
1.4784562681598026,977,I
1.4866767732285662,521,I
1.4913730442017512,145,I
1.4941030244424627,990,I
1.5747553783731725,17,R
1.5769781485234378,775,I
1.5797246393566695,889,I
1.5815816987564233,110,I
1.5936668046991793,557,I
1.6005173761441647,748,R
1.6045409733246583,107,I
1.6136790656364828,561,I
1.6287845663014937,35,I
1.6329032019774605,931,R
1.6334518054892015,11,I
1.6378056187835457,927,R
1.6452107164104004,231,I
1.6483649374817853,436,I
1.6638634046698157,662,R
1.669005934939778,741,I
1.6724246781557353,795,I
1.6756011048489963,331,I
1.6856457774421885,168,R
1.69287487056572,149,I
1.6999821567512858,257,I
1.7004274500732597,311,I
1.711458109655964,581,I
1.7236713408789097,698,I
1.7466282977685532,164,I
1.7579033839411315,256,R
1.7675713347633624,188,I
1.7704661413162337,31,I
1.7717736569061222,67,I
1.7790655743561061,631,I
1.7817324247923725,829,I
1.8140675335500795,613,I
1.818004623259955,87,I
1.8196486873084328,733,I
1.8197878408155783,620,I
1.8278475120539603,775,R
1.8618518341553254,450,R
1.870854571994731,151,I
1.871229125440006,635,I
1.913020042734028,251,R
1.9187201856083602,905,I
1.9201145144308118,114,R
1.921365786755969,680,R
1.930605060329959,669,I
1.9308022302409533,205,I
1.9510198132842673,443,I
1.960934686672888,593,I
2.00834141867222,157,I
2.0102940966477774,275,I
2.0354952017716754,772,I
2.051151395870893,779,I
2.0570478974308655,283,I
2.066943260091337,313,I
2.0861184292356567,106,R
2.0906659858758845,787,I
2.0930298859236296,518,I
2.118590803002529,18,I
2.1448905453759224,413,I
2.1559001332275853,36,I
2.1704598498536534,58,I
2.1856577170475893,923,I
2.187472011689287,457,I
2.203765512259596,973,I
2.2136655919037516,303,I
2.214344054538045,71,R
2.2163432428672243,630,I
2.2180744432477884,669,R
2.2192417741568358,87,R
2.220728721161984,842,I
2.246237120814015,232,I
2.260974338190441,63,I
2.2794113257691326,287,R
2.299166874898038,636,I
2.3109801634802687,296,R
2.3266404389196262,19,I
2.342749885997188,933,I
2.350009401066271,27,I
2.360941047872561,517,I
2.3673845778986875,791,I
2.37787356220606,115,I
2.381591997758188,653,I
2.3942189973948422,792,I
2.4005785418247796,205,R
2.406221130446446,397,I
2.4079751447877253,283,R
2.421636986475993,818,R
2.4591063092862444,111,I
2.4594883436093062,110,R
2.476385137411777,708,I
2.516512324109251,710,R
2.5304745423563038,963,I
2.547195471946598,514,I
2.5568016788636267,313,R
2.557377984931849,332,I
2.563663261537005,847,I
2.59609266688611,944,I
2.5962098838466074,145,R
2.6108418218485547,797,I
2.6199190661766174,557,R
2.6239869283093333,175,I
2.6387105426622863,489,R
2.6444276893648717,897,I
2.6470795700944447,184,I
2.658440067781131,109,I
2.6624709914116496,122,I
2.6632256067188282,131,I
2.6733839737762817,476,R
2.6750793958181918,388,R
2.6822173801229243,66,I
2.6888068806990257,600,R
2.689534704365098,827,R
2.690083142953921,327,R
2.6919583398532874,779,R
2.699525217686791,684,I
2.7078014672806727,909,R
2.7150962450985734,334,I
2.7186464696532977,892,I
2.719631734402605,19,R
2.725851591739725,469,R
2.739409681380223,338,R
2.745847629502002,917,I
2.7513662387798767,436,R
2.7619660413109295,56,I
2.782221849231816,574,I
2.7833408437263416,24,I
2.7913480228390273,262,I
2.807167791878915,408,I
2.8153287644047507,954,I
2.817716226848909,987,I
2.8204881949485157,490,I
2.8235905364956615,684,R
2.8490412978117456,659,I
2.8604990783007636,825,I
2.8690858950329843,413,R
2.86993811262439,483,I
2.8746194789477753,195,I
2.882914760451823,274,I
2.9132865580225573,785,I
2.9301723968450415,30,I
2.938922300475855,949,I
2.9412474872371743,935,I
2.941784254391339,753,I
2.9469176994218547,408,R
2.969725506224267,146,I
3.006070314421626,506,I
3.011961852883275,950,I
3.0133487136732837,888,I
3.015613648744688,636,R
3.0162012455885323,462,I
3.019538298128056,336,I
3.020828236948125,415,I
3.023851685627996,477,I
3.02481990377109,117,R
3.0299179408895434,209,I
3.0685930354834983,696,I
3.07667344673402,392,I
3.090949926792891,972,R
3.096979339075177,11,R
3.102763843053988,167,I
3.10674903406469,175,R
3.1271992239836823,334,R
3.1384736076135162,333,I
3.141241123998569,654,I
3.159835859849096,37,R
3.1678812920243393,982,R
3.1702618814495165,505,R
3.173411747051778,243,I
3.1748468936119134,653,R
3.1749406861032514,678,I
3.178391226273376,259,I
3.1937639307073136,817,I
3.194523103038856,596,I
3.205832297403461,935,R
3.2070309395696635,983,I
3.2172434721538328,471,I
3.219978146900858,448,I
3.223145372426045,758,I
3.2232465832073327,97,I
3.228549958087489,698,R
3.235886337383991,563,R
3.238444060992247,810,R
3.243360736393559,922,I
3.2434931905554727,660,I
3.2516158158692496,484,I
3.2606596490200404,722,I
3.2687344415512056,497,I
3.273103030229868,598,I
3.2744350646789195,614,R
3.2811564347794984,53,I
3.3134748051744056,642,R
3.331974925795864,570,R
3.3348107790174977,701,R
3.339079078323711,831,R
3.343991958819261,828,I
3.345833614843098,952,I
3.349419799211711,640,R
3.353581226966415,424,I
3.3934171789014944,729,I
3.4021671079437663,123,I
3.4083524277495574,222,I
3.4327795223526554,814,I
3.435149582930947,743,I
3.4436696054772646,112,I
3.452930556619898,91,I
3.4640018236331844,395,I
3.4737523253885985,243,R
3.481074176258969,607,I
3.4818845893546126,439,R
3.4893618233309764,210,I
3.4952949028231544,431,I
3.5111933847127714,607,R
3.5163472534393914,700,I
3.5275263813392943,272,I
3.527646736643623,547,R
3.5350610713698565,937,I
3.5470374298433587,613,R
3.551121538843736,554,I
3.553722330400411,464,I
3.554533456016825,549,I
3.5801263144263986,566,I
3.5984266606068003,590,I
3.618963256916563,554,R
3.6256318032004575,717,R
3.6466908257177986,980,I
3.651910396506708,622,I
3.6533627806225595,677,I
3.6547995958138664,664,I
3.6610795233478326,367,I
3.6650158652291047,425,I
3.6884733393976505,786,I
3.7186038646209325,773,I
3.7213992806181087,833,R
3.75772013152321,847,R
3.7597217959476548,209,R
3.772135250151977,477,R
3.773033553736338,559,I
3.7871865903830852,987,R
3.7883203700589974,744,I
3.7886228261428134,997,R
3.795422698956105,829,R
3.8080373225238855,23,I
3.815501860106502,825,R
3.8483108753090023,765,I
3.8698474798755167,83,I
3.877195353072956,156,I
3.8870113908829538,552,I
3.8964683516559773,914,I
3.90541780166154,565,I
3.9085055241513595,181,I
3.9254362448777234,756,I
3.930356490887092,622,R
3.9415765556119555,883,I
3.9586917966169555,404,I
3.960089349746873,715,I
3.969282212817179,733,R
3.9695924797501116,98,I
3.9697397800599252,432,I
3.9747021816608012,736,I
3.9751887453568706,792,R
3.977795897429164,980,R
3.988587246399806,23,R
3.9919283086339408,542,I
4.015187446918279,254,I
4.016660422132199,365,I
4.034095776054973,109,R
4.037821937014757,917,R
4.054755497282409,399,I
4.079508611316941,30,R
4.086195497196836,750,I
4.089593572950736,991,I
4.094241104623727,198,I
4.101635033965578,592,I
4.103634315349376,632,I
4.1118741367996465,44,R
4.119327009663764,349,R
4.139276834410661,240,I
4.141037291438773,434,R
4.1519950588929735,284,I
4.154165707910331,832,I
4.169688004462422,745,I
4.183304805282188,579,I
4.191685704905245,300,I
4.207206380283193,562,R
4.232698309031453,445,I
4.235858655130751,593,R
4.237991725202937,142,I
4.2410086909115465,552,R
4.248359979493044,990,R
4.255477306173652,458,I
4.256600332464549,328,I
4.296872838168697,41,I
4.31976213601968,926,I
4.337783662382948,378,I
4.349706150387089,399,R
4.351680981437233,584,I
4.352767203350503,339,I
4.391271904993058,354,I
4.4107574191329375,13,I
4.411371256241377,725,I
4.412827861627577,808,I
4.4140374753393585,767,I
4.419329486577577,940,R
4.4207186583804,279,I
4.427818997449947,854,R
4.43551162238864,513,I
4.4593039773111105,295,R
4.466490191228203,651,I
4.470917334444289,864,I
4.47722759401596,919,I
4.479213584974476,889,R
4.480760668718102,493,I
4.487567129379909,66,R
4.492086184635559,890,I
4.503730040520734,723,I
4.505540301524355,306,I
4.509043035195671,360,I
4.511473424767403,966,I
4.511476063234712,981,I
4.519538231686965,406,R
4.523591130095315,763,I
4.532121681725984,36,R
4.545234535354976,766,I
4.547653806744202,814,R
4.559812899737879,745,R
4.591493076367783,98,R
4.597717297788167,320,R
4.607144841324432,444,I
4.617153696360778,398,I
4.61871709671207,709,I
4.621454770752835,402,R
4.655047729992515,244,I
4.659761660860152,393,I
4.661652941993766,63,R
4.674981233860873,28,I
4.680649013309897,746,I
4.699635232023096,543,I
4.7026050063350775,266,I
4.707747040313101,300,R
4.720094464412049,270,I
4.734532843790342,458,R
4.734812840434995,206,I
4.739045682556154,431,R
4.742344393232879,878,I
4.761166885421488,455,I
4.766562883935738,156,R
4.769247231071035,35,R
4.774373553503575,840,I
4.788965183911031,275,R
4.795648798936803,873,I
4.812246775159851,107,R
4.821374090096391,578,I
4.823651497519834,634,I
4.865883554799314,535,R
4.870984018754868,405,I
4.880525985300212,333,R
4.890491889742122,311,R
4.89906229971079,218,I
4.9027813713392465,481,I
4.907116574371566,356,I
4.919989645511562,709,R
4.94311060698707,314,R
4.944322598931835,474,I
4.951539430574495,787,R
4.956857193324266,908,I
4.957288090920709,736,R
4.964273923467077,373,I
4.9785019439356795,639,I
5.005525804513146,264,I
5.009709537816954,16,I
5.0263372421243835,332,R
5.028000695807622,855,I
5.030317148241981,325,I
5.037851301707141,586,I
5.0468608223711655,666,I
5.046929299975377,392,R
5.047502218515497,890,R
5.053085765641025,620,R
5.070436920350517,852,R
5.093340016971286,879,I
5.110046798015223,244,R
5.113496482191066,832,R
5.170903434869705,724,R
5.174139957338887,95,R
5.1748542778255535,484,R
5.175351215706925,906,I
5.178834062749324,820,R
5.18092934849301,568,I
5.182409610255398,991,R
5.188564588361533,937,R
5.1925788960269985,239,I
5.194524202832078,773,R
5.20695733095906,726,R
5.2111354518372845,511,I
5.2115345414140055,561,R
5.233246440068548,60,I
5.233716989032637,978,I
5.239362506398638,171,I
5.240926061526098,740,R
5.245429099950629,506,R
5.2504703386224385,630,R
5.256118492361883,371,I
5.25750899658067,599,I
5.2629324519539376,876,I
5.2648732797175795,0,R
5.266053276732942,142,R
5.281697475601924,157,R
5.282611420891059,858,I
5.287197905048098,763,R
5.297245840432282,119,I
5.306476198869638,629,I
5.312182902701938,791,R
5.326772465537571,373,R
5.32735363173502,514,R
5.337361598473351,91,R
5.34550748580879,988,I
5.356096472525229,903,R
5.359756855432671,253,I
5.363415713783763,583,I
5.3855445595347184,842,R
5.386538539888345,713,I
5.392268151194059,747,I
5.394878272837126,132,I
5.408115522556017,171,R
5.411403729606045,821,I
5.4147099556862255,734,R
5.429728001911324,33,I
5.443178833596383,863,I
5.4586616879547005,468,I
5.469778649163456,339,R
5.481564646245982,877,I
5.490086467650168,560,I
5.497682253957841,365,R
5.506482030366688,973,R
5.550677212524021,172,I
5.594870094086128,666,R
5.6124318624137715,926,R
5.623244845888191,882,I
5.645216996982242,497,R
5.659815493515275,337,I
5.6649362792214815,1,I
5.665190132066626,6,I
5.66530740737527,22,I
5.670931157340719,941,I
5.688893255326183,577,R
5.696953769550356,815,I
5.707223420376431,486,I
5.709491711202863,215,R
5.715545077634072,806,I
5.743546213580621,303,R
5.749411894403041,996,I
5.751106591589694,794,I
5.7532460225349755,697,I
5.762941298963036,602,I
5.78592704136773,360,R
5.795661695384839,874,I
5.796253556434289,737,I
5.817470500427999,196,I
5.8341263398927605,781,I
5.835003852536213,813,I
5.840569723446801,671,R
5.8511422861393845,115,R
5.858609189514321,725,R
5.8636896656501785,293,R
5.865724783558308,542,R
5.881204457271423,994,I
5.887884271145323,623,I
5.895529646978585,808,R
5.907197106509882,53,R
5.911896489339343,723,R
5.924489146473686,188,R
5.9314757741704085,181,R
5.9367094651423,393,R
5.953697820941886,475,I
5.953957288277873,74,I
5.956801997244043,85,I
5.956925654065327,441,I
5.9627787464346005,677,R
5.967669637739563,743,R
5.9693789765657606,347,I
5.972724448466237,708,R
5.975551553009118,58,R
5.98332890969209,512,I
5.9919012975253,128,I
5.995129952924417,963,R
6.0185859946811195,646,I
6.022816873937648,441,R
6.023752141585758,268,I
6.026055868009143,229,I
6.0266829673715,398,R
6.037017233112611,691,I
6.0469861015727115,995,I
6.094437432846222,336,R
6.096246962195988,429,I
6.101634075537741,67,R
6.1017139454865275,646,R
6.118771817977681,122,R
6.1337327607182655,172,R
6.1368687448242385,525,I
6.144839456862245,719,I
6.158363671567685,509,I
6.1753302444677285,208,I
6.181485046196386,298,I
6.184912039903264,417,I
6.188465382620997,139,R
6.189756723987666,824,I
6.190989112614506,120,I
6.217110558514718,537,I
6.2181478382014035,914,R
6.281173079039241,51,I
6.2959822069021705,73,I
6.29763724697907,13,R
6.300031858685054,874,R
6.3084108729427015,632,R
6.312802593914879,404,R
6.3156628538362165,454,I
6.318244898317613,331,R
6.3239777987773,195,R
6.32467860000146,892,R
6.331365369220647,482,R
6.3324756015174986,149,R
6.348098342916809,348,I
6.357340905232292,877,R
6.360703814825665,893,I
6.391081680310461,812,I
6.407223374078214,284,R
6.424627739447491,59,I
6.449411601048627,674,R
6.46869781340379,919,R
6.471260264560588,786,R
6.474582786931772,160,I
6.482669146798117,417,R
6.492980015792922,988,R
6.514889620511614,970,I
6.525523372065777,670,I
6.549278715940585,143,I
6.550599764173876,838,R
6.555190808675279,266,R
6.584581657506791,129,I
6.592055591856554,688,I
6.593448305887416,720,R
6.59971824044359,670,R
6.599984539821237,598,R
6.600149953069856,208,R
6.601968373202296,219,I
6.607118952640517,776,I
6.671031217358436,858,R
6.6756032390675735,457,R
6.676422519827718,776,R
6.683445543714264,611,I
6.697296642545752,128,R
6.7123144734204745,491,I
6.717494806859483,317,I
6.737931236717143,463,I
6.746816779067956,130,I
6.756979677960518,994,R
6.76355089658417,796,R
6.78487771356663,237,I
6.793274967373522,31,R
6.826441815006059,427,I
6.833849999331068,96,I
6.847260921224224,123,R
6.850478960250112,584,R
6.8544941109380755,424,R
6.86852930871696,356,R
6.869885095911261,691,R
6.88064268997801,459,I
6.885056718251965,120,R
6.887774267076334,454,R
6.892071170104621,871,I
6.914428160540108,767,R
6.915602796470709,147,I
6.924539849807547,860,I
6.931640691760771,161,I
6.9438308563851585,286,I
6.957743477553207,788,I
6.977421174252401,760,I
6.990561613755076,263,I
6.9954603989089295,529,I
6.996726669215212,588,I
7.002747006405037,492,I
7.014573594012454,419,I
7.01593401156097,770,I
7.0214048019832305,572,R
7.02610573422225,348,R
7.033770591043338,958,I
7.0359033650520075,952,R
7.045903090308669,882,R
7.059887324195601,781,R
7.065586742033848,75,R
7.09251699924034,343,I
7.15303231884721,6,R
7.156919839317333,795,R
7.164113579314169,970,R
7.184760170145977,924,I
7.193147922057125,633,R
7.212631939405971,180,I
7.2205690451035585,199,I
7.221860751580046,704,I
7.2303158581113625,371,R
7.2430408954067,619,I
7.266404946152618,99,I
7.267252536754951,160,R
7.276518492689163,180,R
7.283056197034926,530,I
7.283978738819588,758,R
7.302520175781208,368,I
7.330653934441904,467,I
7.344215814991055,187,I
7.359600092304234,527,R
7.363002604523353,463,R
7.372437916832636,697,R
7.423691258742506,468,R
7.43594856761453,790,I
7.442330003555618,262,R
7.4854943241317216,611,R
7.512436979673955,448,R
7.519108356384007,324,I
7.5397329420431864,444,R
7.5409791414820475,354,R
7.5425620517887655,230,R
7.549996258760549,312,I
7.563784136608992,347,R
7.57009106438584,538,R
7.588191319537609,471,R
7.623727403895486,317,R
7.625931435593007,910,I
7.627589488708248,158,I
7.638069989048508,719,R
7.6436418373249655,56,R
7.647620950867557,864,R
7.677490158408515,108,I
7.682893291183973,43,I
7.700613466191465,151,R
7.7125523040246415,423,I
7.72406483942252,162,I
7.727031746942814,322,I
7.735238076005368,883,R
7.735995405992167,206,R
7.77562586849028,16,R
7.778244157603853,361,I
7.796281140701526,794,R
7.797986155412832,65,I
7.82609674184186,407,I
7.831275377244723,90,I
7.840084936026548,57,I
7.842077875041987,143,R
7.847156258294589,1,R
7.8690419757233565,361,R
7.883473192595717,386,R
7.894192475008831,234,I
7.911226169218522,9,I
7.919432130988308,673,I
7.9249407283893945,954,R
7.925205220594675,729,R
7.929952837903883,400,I
7.9327722863622565,625,I
7.938128024933427,568,R
7.940416551393286,879,R
7.941631150250742,676,I
7.943123385344791,784,I
7.947143598777004,281,I
7.958101107324679,536,I
7.970628588504464,579,R
7.973496364164679,280,I
7.983421590881459,565,R
7.986612809695662,872,I
7.990310558849406,978,R
7.994087854315389,925,I
8.006904843128778,947,I
8.010916533168277,184,R
8.022802979306089,588,R
8.041326434488392,574,R
8.041956962701793,715,R
8.04629193003467,525,R
8.052420041621563,512,R
8.072566936588258,848,I
8.0801604937052,585,I
8.083494706330852,102,I
8.089166274533696,650,R
8.10385856156947,911,I
8.104144119722658,750,R
8.114243918870985,817,R
8.141135759082237,812,R
8.161329767640034,164,R
8.1690762599831,246,I
8.171892035396738,617,I
8.172426952029268,944,R
8.19130736825398,925,R
8.19962207603226,326,I
8.209457336977145,260,I
8.212084755394777,97,R
8.21807886833882,127,R
8.234027339965074,119,R
8.248840656687188,905,R
8.272476996069376,933,R
8.273286453038663,659,R
8.279560773891948,649,I
8.292871582090998,257,R
8.313613925470829,876,R
8.32550287873108,711,I
8.327025429352545,90,R
8.328345161904384,474,R
8.344951309123783,586,R
8.346654084236828,407,R
8.366619349809572,609,I
8.372229161937147,43,R
8.404348733653332,822,I
8.407442173212372,485,I
8.408029935434135,326,R
8.43296768631091,306,R
8.434707396678201,455,R
8.444100056979694,202,I
8.4606581849737,996,R
8.478144206129693,942,I
8.49247673788435,158,R
8.494472737067817,456,I
8.5072913504316,974,I
8.511213700546598,946,I
8.518836422062149,281,R
8.518980191780361,328,R
8.519073327088531,491,R
8.520899126150814,771,I
8.525947623496402,878,R
8.528935426057574,571,I
8.536215891830713,753,R
8.553146519397593,148,I
8.555460078304812,33,R
8.580861401531664,141,I
8.629949051743125,475,R
8.6545499933938,564,I
8.661041898393911,532,I
8.664055047776838,848,R
8.683342355698379,693,I
8.689403245544543,490,R
8.70890477149837,125,R
8.711652561641262,358,I
8.712062222633445,378,R
8.726784984410907,395,R
8.731339002224345,597,I
8.735491529143463,971,R
8.742502742364145,148,R
8.749065528588309,503,I
8.765250581608747,254,R
8.777277639260495,915,I
8.782040635489432,255,I
8.78285394484971,762,I
8.79883804706251,60,R
8.804296714845918,187,R
8.817605413011968,612,I
8.83070125942882,237,R
8.842671495857445,234,R
8.861665710374423,950,R
8.86801746224964,201,I
8.878835028224874,162,R
8.882686743698827,146,R
8.88904624195456,836,I
8.89367138345518,981,R
8.904645123307885,762,R
8.913100150852278,993,I
8.918912350355882,201,R
8.936397993298305,511,R
8.95586530370624,956,I
8.962016294702028,804,I
8.962363424318424,382,I
8.962977388468097,979,I
8.964200911869721,20,I
8.971441920687795,389,I
8.998290638421679,958,R
9.007428956286414,921,I
9.009858769520301,222,R
9.022138332226767,828,R
9.040484429595207,170,I
9.074847850018896,975,R
9.091433560448124,323,I
9.103535572995844,214,I
9.10680698922669,159,I
9.12555964105816,429,R
9.126437374048956,280,R
9.136747748269634,297,I
9.151814447420417,843,I
9.170475180197919,929,I
9.179143253349537,323,R
9.206404861423195,322,R
9.209269927616516,977,R
9.274042249835576,687,R
9.285042778859955,515,I
9.293343628716256,686,I
9.300996794246181,934,I
9.30435166414501,560,R
9.307942105255366,965,I
9.308668012768443,397,R
9.310503163027516,599,R
9.335523408166136,704,R
9.348447724917175,873,R
9.350141150066815,628,I
9.354533739400727,913,I
9.35671383362223,983,R
9.359169627068345,530,R
9.359739428407009,813,R
9.3679613887139,292,R
9.375811747312689,419,R
9.379965957995907,908,R
9.395312945942436,575,I
9.413835494152776,741,R
9.426172283503194,220,I
9.44162817124313,272,R
9.44333413528033,806,R
9.452693532979795,214,R
9.456435352837515,549,R
9.469810550717222,337,R
9.500888430514083,685,I
9.514905408255075,760,R
9.515461844087532,391,I
9.525101050151951,278,I
9.532541458704252,592,R
9.533068306551328,664,R
9.57790220958867,294,I
9.59706413114427,136,I
9.603402153260106,472,I
9.603791700274233,516,I
9.626127260290579,897,R
9.64335680212721,240,R
9.648462864872037,385,I
9.649455074209245,587,I
9.668252520331874,922,R
9.68608703208225,566,R
9.694747559001284,788,R
9.699388670827588,271,I
9.721408582861125,594,I
9.737269733956095,524,I
9.75261208220252,202,R
9.756760112497691,689,R
9.763141674820801,342,I
9.769966850075141,366,I
9.779868337508672,319,I
9.79776694559107,185,I
9.801852302411106,389,R
9.802191706602533,308,I
9.803245885210513,68,I
9.815045240689546,462,R
9.822838383525127,784,R
9.825371659413006,481,R
9.829161976971584,869,I
9.84997565775565,50,I
9.862698324958416,836,R
9.868488168992027,755,I
9.871300016107952,898,I
9.878970360363379,583,R
9.925474869217421,176,I
9.928420137814419,51,R
9.933712860727676,521,R
9.942671361899972,27,R
9.945587764927566,78,I
9.955945482762361,85,R
9.979519313314317,713,R
9.98685243332393,379,I
10.019780054892177,706,I
10.06586266196222,853,I
10.092193923438687,615,I
10.096075869705153,412,I
10.102894252145472,41,R
10.11163276037917,220,R
10.122135824999477,974,R
10.128318468140282,532,R
10.136488503556578,581,R
10.140871801359573,772,R
10.145134296311761,768,R
10.158440379750878,263,R
10.160791105060044,34,I
10.166102986011728,541,I
10.180942265870721,693,R
10.183830324533496,167,R
10.193625249105645,150,I
10.193721279259574,15,I
10.21095327703363,575,R
10.211564745368637,358,R
10.221707490756733,507,I
10.238325720397755,7,I
10.242487076382615,830,I
10.250588422511264,15,R
10.254158439715901,236,I
10.260062231529407,871,R
10.265021162659167,445,R
10.284374815613605,485,R
10.287435812189914,267,I
10.312162892185091,379,R
10.322007152279976,502,I
10.329899518858078,913,R
10.33203418756116,793,I
10.336376299383675,130,R
10.337691001253697,534,I
10.340025844319733,606,I
10.343473956845262,863,R
10.343907459984262,625,R
10.35777520205199,355,I
10.380909521736728,894,R
10.389184210600002,420,I
10.40960852004672,108,R
10.411357720742727,616,I
10.437073779161913,939,I
10.447897357131662,550,I
10.449854630473789,267,R
10.45391597913185,270,R
10.454162969322056,99,R
10.45898238429519,624,I
10.489913847391618,77,I
10.504474581659819,888,R
10.52759392141587,939,R
10.529280875655488,467,R
10.554614621468271,777,I
10.61746890120693,869,R
10.623589329423965,875,I
10.634823976445844,355,R
10.639230037624346,131,R
10.653979165082971,423,R
10.655616173785269,176,R
10.661008805118161,9,R
10.662320313962026,870,I
10.678826611200089,589,R
10.687994632365776,235,I
10.693423226431443,155,R
10.703005525831836,68,R
10.732017702147783,241,I
10.783030412965536,346,R
10.809652456180908,177,I
10.829193727575554,22,R
10.840068405780327,771,R
10.892226835242006,34,R
10.898370447182984,312,R
10.901419043676196,824,R
10.904553308286696,290,I
10.915898082605874,766,R
10.916009655943054,182,I
10.935597352166136,992,I
10.94512870919095,367,R
10.95937383530081,368,R
10.973399392838932,782,I
10.97409746576453,520,I
10.981056150340219,100,I
10.989343162776787,430,I
10.99636621043402,536,R
10.997629741645312,615,R
11.008717189784269,556,I
11.014718243993684,571,R
11.050017440612665,900,I
11.060246661934364,271,R
11.073777396461143,893,R
11.078381393178422,213,I
11.07844424014956,69,I
11.093481832713584,24,R
11.113852209784676,93,R
11.177864111708576,21,I
11.187944586773629,638,I
11.198417306907956,875,R
11.205201260226904,585,R
11.223222658597045,946,R
11.244630157175983,111,R
11.257464232145868,464,R
11.266273300346947,957,I
11.29518027992459,755,R
11.311225268712676,212,I
11.31596793424615,61,I
11.366260268081874,896,I
11.367709476048782,722,R
11.385679043031118,290,R
11.395338554792273,83,R
11.39708341081884,50,R
11.402055822367553,651,R
11.414263794157312,21,R
11.439251564357418,233,R
11.45179026881888,969,I
11.454824840261859,315,I
11.459089272428772,594,R
11.463312482239482,868,I
11.465422624761809,524,R
11.468370314036031,617,R
11.47007857629616,286,R
11.482437056653014,541,R
11.493858989541506,401,I
11.505316912762611,76,I
11.514214358294346,492,R
11.51643292765888,969,R
11.52941260560196,308,R
11.544507430327236,694,I
11.554537627029688,307,I
11.57743034333527,956,R
11.59076676380272,522,I
11.619180679543387,343,R
11.620167167954662,609,R
11.640747699907177,673,R
11.644397314343344,221,I
11.644684689077765,582,I
11.653775927960986,278,R
11.662414089335993,754,I
11.70842158570426,495,I
11.70876745347098,147,R
11.739474184084596,129,R
11.74666788857196,279,R
11.760325243092803,712,I
11.771154708665925,861,I
11.808802479540027,112,R
11.817907283865997,751,I
11.818534724386545,59,R
11.8364838292319,921,R
11.853069843487162,902,I
11.861563308716134,896,R
11.86826405975432,210,R
11.877117845054912,612,R
11.908169182980295,213,R
11.909860889965023,382,R
11.91622307807821,418,R
11.937512949299766,479,I
11.973039236578188,837,I
11.991106160811654,269,I
11.995385533068397,835,I
12.039873406902226,513,R
12.04644609813861,92,I
12.048588697200211,943,I
12.062413554085948,526,I
12.067222314690962,28,R
12.08035481704077,949,R
12.108829628896927,872,R
12.122882077379645,783,I
12.134989309639332,236,R
12.136781504540863,185,R
12.148530452515384,77,R
12.15922350109269,39,R
12.17582203205779,943,R
12.178881489394135,749,R
12.180012321978547,504,I
12.184546892040801,696,R
12.185017021323885,678,R
12.189358791062729,221,R
12.191201384358743,105,I
12.196690807571029,8,I
12.19795336890541,647,I
12.248281085923029,992,R
12.248335904612178,861,R
12.25226798935627,411,I
12.253056385913599,942,R
12.257936863349661,255,R
12.263759986665706,319,R
12.272851211041397,508,I
12.276255008074848,623,R
12.276689952536511,153,R
12.29483668466829,235,R
12.295833561984358,744,R
12.313472660807431,132,R
12.315422135004836,401,R
12.332885072912953,518,R
12.372257079230216,618,R
12.384458257135597,421,I
12.396087639372858,676,R
12.437565594618519,363,I
12.442512963271684,916,I
12.456436534510186,191,I
12.491782125543041,550,R
12.51014059352135,843,R
12.523577147291387,364,I
12.528743464897804,853,R
12.531235260817224,217,I
12.550305927552177,721,R
12.551861589523606,746,R
12.579034767165947,141,R
12.605220381035833,61,R
12.60578855806678,769,I
12.609608763797835,438,I
12.633145015926079,391,R
12.635968169807201,461,R
12.639665804226333,519,I
12.646430161182716,999,I
12.654448462737655,619,R
12.667096673258344,459,R
12.679489875788974,421,R
12.683800019579992,297,R
12.693298950547968,904,I
12.70103960575667,526,R
12.703787432063017,452,I
12.72833532365565,966,R
12.729723067178472,92,R
12.737386625193507,435,I
12.745625503321367,321,I
12.746013626911571,150,R
12.76230108746775,576,I
12.765108470215191,502,R
12.787367956979317,411,R
12.78891800097648,835,R
12.799496784484935,841,R
12.801056529042143,204,I
12.814633258252783,885,I
12.820722788741778,851,I
12.84637749254091,770,R
12.861663408974279,2,I
12.867920973544118,866,I
12.88445467833117,596,R
12.885091162838515,759,I
12.89189243382034,226,I
12.895511880534812,515,R
12.90087551920237,947,R
12.93265582350687,274,R
12.940923419237906,443,R
12.946426478920927,688,R
12.953008145628779,923,R
12.955950133406379,173,I
12.959945902353809,604,I
12.9632343320251,291,I
12.965677564854094,54,I
12.976086471466814,793,R
12.989236626286777,304,I
12.995774334149749,47,I
13.00028968358015,57,R
13.013110692797877,700,R
13.031947490506866,8,R
13.065482235868854,82,I
13.06896021514438,403,I
13.081286851001646,499,I
13.102712671165282,498,I
13.126355132935068,415,R
13.137236918638123,685,R
13.155963219772012,199,R
13.184684404178334,269,R
13.195982076784372,159,R
13.21488407836434,100,R
13.226311979847225,291,R
13.251289512081465,350,I
13.289731749429434,216,I
13.332241455898334,938,I
13.34858995933363,906,R
13.3614349656143,804,R
13.371804776923426,643,I
13.398560817180245,268,R
13.439036761581704,20,R
13.443723995100125,761,I
13.490171084815534,519,R
13.493242548222412,405,R
13.505922679377615,165,I
13.533853803369944,430,R
13.564347136631618,345,I
13.581295967102898,859,I
13.58721495156976,239,R
13.677966791549569,634,R
13.688899928051114,706,R
13.720964681479073,834,I
13.73049445961993,979,R
13.823310127191442,420,R
13.844913474022771,999,R
13.862223322733588,898,R
13.868518957892592,498,R
13.88221777791505,211,R
13.887498665283434,499,R
13.904952775956758,730,I
13.941262236936002,170,R
13.951949725593787,754,R
13.968247263423498,302,I
13.986674330510727,821,R
14.024601721987686,845,R
14.03880325600582,537,R
14.07546975414853,277,I
14.085263542264556,591,I
14.08616709215091,995,R
14.113468611604953,936,I
14.117062093889048,486,R
14.124896365363554,252,I
14.143638568554477,504,R
14.144433560292786,859,R
14.162330851770731,422,I
14.18514813382291,938,R
14.199482457833202,576,R
14.205288276640422,121,I
14.224693070613977,731,I
14.236370079114028,227,I
14.253571853751685,351,R
14.264430744850948,273,I
14.287284627942396,716,I
14.295352862305343,573,I
14.317025439503553,345,R
14.333515121840565,260,R
14.335507126484714,686,R
14.34798696878889,738,I
14.352433584274873,193,I
14.355591353053105,282,I
14.384967041181628,904,R
14.390435901487795,849,I
14.393673885640114,460,I
14.407262103813283,494,I
14.409726778000142,761,R
14.41128595973226,316,I
14.464560796971547,782,R
14.4725798154173,302,R
14.508526161196057,516,R
14.522439321388552,639,R
14.572977204888673,76,R
14.586358445509601,510,I
14.615816899714826,294,R
14.637553936128828,822,R
14.652215996819397,957,R
14.674672554917146,88,I
14.692586422002316,800,I
14.693226725158219,915,R
14.699048613679707,738,R
14.75905688110021,82,R
14.764393228144492,253,R
14.809957800394146,731,R
14.830714825731716,55,I
14.839998036005952,911,R
14.882765980395218,259,R
14.903239706929314,765,R
14.92609925963385,730,R
14.9480247997041,539,I
14.956080399654493,783,R
14.963874824440715,65,R
14.974427607533837,522,R
14.97985578159569,442,I
14.99354226020431,732,I
15.05035911713853,350,R
15.070866096793361,692,I
15.079849201807985,375,R
15.087263031669771,948,I
15.113292919429782,534,R
15.124025245192689,660,R
15.129087695769394,121,R
15.159370127679312,261,I
15.178959053910768,507,R
15.181338969305507,478,I
15.182368337573912,231,R
15.190863831115596,165,R
15.219306374864585,948,R
15.234517682271278,48,I
15.250910728710593,433,I
15.255062361806985,587,R
15.32583238692731,844,I
15.339333699484248,25,I
15.347027158530008,737,R
15.376522888503873,232,R
15.384720394476101,362,I
15.38885172359883,134,I
15.393281437840516,55,R
15.395295431235326,493,R
15.407708677258086,277,R
15.460408612236051,282,R
15.46357780137944,433,R
15.46573095889929,936,R
15.465925272100284,54,R
15.485410163490508,432,R
15.493729220868463,301,I
15.536591995680524,501,I
15.572914906592686,18,R
15.595256342778633,711,R
15.624109689819205,953,I
15.631834393699046,823,R
15.636816488356601,366,R
15.64986559519265,885,R
15.656003745732626,472,R
15.678776891771802,764,I
15.68060401871493,78,R
15.716043633604766,227,R
15.724406941817739,442,R
15.726819879788936,173,R
15.735095981169964,797,R
15.746082136016128,364,R
15.757183400743392,757,I
15.757775788176069,198,R
15.775433307134998,930,I
15.785128991396085,591,R
15.808761000770255,628,R
15.855603280515393,573,R
15.872453472900864,655,I
15.874185791809676,304,R
15.91354425500748,899,I
15.942410408569957,551,I
15.960854373242562,751,R
15.997691805573568,161,R
16.012257426915166,945,I
16.037279304021716,610,R
16.07299171015796,780,I
16.078201048863644,834,R
16.176168637755193,5,I
16.1828872681233,47,R
16.201671107052256,412,R
16.235110714114665,819,I
16.235442049026613,703,I
16.245081059160167,179,I
16.26932272584601,529,R
16.27866173184569,799,I
16.28629298161006,807,I
16.290540181796857,870,R
16.386236831055882,246,R
16.39545831531057,451,I
16.451341145528367,702,I
16.455557597514495,644,I
16.468714788528622,400,R
16.491893766997293,891,I
16.492875274020165,597,R
16.53408733418498,380,I
16.56047737079977,718,I
16.58771147402699,25,R
16.607708025196935,102,R
16.63723998686795,865,I
16.693243515860544,807,R
16.71308339321923,590,R
16.723857529585086,52,I
16.770949188532857,840,R
16.772708082535623,846,I
16.782906335297145,849,R
16.802605839067937,539,R
16.810590151235214,229,R
16.816710862821438,624,R
16.844873621281252,631,R
16.85018351435923,483,R
16.85420959257006,248,I
16.860142818689642,757,R
16.869445505535904,900,R
16.887936831122516,637,I
16.893357705923364,844,R
16.97650058754881,478,R
16.981014922451735,604,R
16.99506868893388,273,R
17.000804472273323,325,R
17.01144755488608,951,I
17.036742377255784,851,R
17.050798209036568,344,I
17.05152893958451,12,I
17.071268366001792,381,I
17.115706159789042,735,I
17.122039609411196,961,I
17.14372578287894,425,R
17.172095120852607,510,R
17.179990146015633,62,I
17.186374313210507,785,R
17.199688315783668,920,I
17.237340605534232,193,R
17.28761270069904,912,I
17.31058511491992,88,R
17.34160939043953,503,R
17.356577352586417,739,I
17.37504211138419,865,R
17.386799575597436,426,I
17.460203718852473,495,R
17.484680112430603,830,R
17.504944539253284,732,R
17.50871533857525,819,R
17.513286143979695,487,I
17.51447368233193,790,R
17.516327818306472,769,R
17.519477050776562,756,R
17.560218120137698,716,R
17.619974243372425,26,I
17.626188223334733,654,R
17.628530479893286,800,R
17.681331585892426,809,I
17.72670183904131,480,I
17.74123529200509,811,I
17.74960029332465,644,R
17.7513726971922,881,I
17.755644867817477,764,R
17.79193685071356,479,R
17.801521651975452,289,I
17.82836186320157,403,R
17.866486723034093,163,I
17.929653495202682,466,I
17.983362889645008,7,R
18.071288407631737,739,R
18.074504243291553,422,R
18.101633640524685,426,R
18.10560809392662,321,R
18.1190038924066,803,I
18.128701409382863,643,R
18.149250535519222,318,I
18.160894759635898,32,I
18.185659551002363,216,R
18.18834149935229,759,R
18.194118107143293,177,R
18.20013854293117,96,R
18.207720839418396,134,R
18.237064027743862,735,R
18.238604468149852,352,I
18.267129088864984,777,R
18.3214150113269,182,R
18.364994537196186,655,R
18.395574544944562,94,I
18.397757018494588,381,R
18.48112333864085,191,R
18.507822129846225,638,R
18.515478489858733,850,I
18.52162212566398,682,R
18.54569373339808,558,I
18.55173722428973,578,R
18.56495080500588,409,I
18.58893471986466,780,R
18.64542255347839,517,R
18.662214468937698,509,R
18.676479004194906,69,R
18.746525876985416,288,R
18.74931667784491,855,R
18.75284788535766,224,I
18.758598995267583,508,R
18.7611882653865,930,R
18.771078300969684,727,I
18.795346356652452,635,R
18.796601431426225,466,R
18.845113214526524,543,R
18.87016775571215,667,I
18.91115127789901,301,R
18.94304279547273,2,R
18.947995274190156,103,I
19.030429264706697,528,I
19.062384313239427,261,R
19.08222933556476,912,R
19.08416789368292,470,I
19.09977004251407,385,R
19.104232540513873,456,R
19.15794809670589,73,R
19.164507204736505,226,R
19.21265795226414,692,R
19.23070134746927,307,R
19.233099627258586,727,R
19.261633342320337,805,I
19.289637397681503,212,R
19.290401392391345,374,I
19.369017416880812,702,R
19.415376182591906,718,R
19.430830768925237,14,I
19.431415164756014,446,I
19.467161925220008,984,I
19.4674826442839,809,R
19.47458581391537,26,R
19.519811736634892,929,R
19.52150005885219,494,R
19.549565502850925,705,I
19.65964368523469,602,R
19.746936106696644,104,I
19.782144835123578,428,I
19.788983591220493,207,I
19.803735126190546,52,R
19.828696321176732,126,I
19.853495876113822,862,I
19.85919643315164,309,I
19.86933335055004,203,I
19.879242885237165,376,I
19.93218525601776,105,R
19.938338192309278,470,R
19.958346765523512,663,I
19.989187582514752,747,R
19.9899412144592,694,R
19.99792415373268,774,I
20.0044831603007,886,I
20.045453980040406,556,R
20.059852843148057,342,R
20.100549186749657,380,R
20.133752800432454,452,R
20.189580763330362,862,R
20.25413473826845,376,R
20.310329898550087,626,I
20.338425141262707,672,I
20.345031142411624,116,I
20.35913333163538,341,I
20.41939498391208,496,I
20.42181129032135,881,R
20.441068639257338,318,R
20.46297584493556,714,I
20.502121941518926,86,I
20.523228284981215,984,R
20.54633819350065,802,I
20.578584451631546,186,I
20.62056955307494,136,R
20.722757293848534,428,R
20.73741415758944,451,R
20.742350266998297,850,R
20.788496108975604,70,I
20.815352852669566,460,R
20.842827683273057,103,R
20.848164585622108,48,R
20.851093431240447,341,R
20.872367754861372,629,R
20.886776042109936,74,R
20.908096131563546,647,R
20.964591575575337,657,I
20.970751929082866,955,I
21.02114982415751,80,I
21.07179095666873,941,R
21.13606636767971,299,I
21.145855274523065,64,I
21.166554527776253,258,I
21.169701000872568,774,R
21.192624238061875,344,R
21.194339527394757,951,R
21.225103545605567,316,R
21.246209225338113,663,R
21.263785697135194,362,R
21.28173676629409,605,I
21.29577754290748,551,R
21.344467164585435,12,R
21.35493241578743,440,I
21.355490407354118,714,R
21.41238449902224,559,R
21.450409467044892,606,R
21.45924344009291,383,I
21.549728162639163,204,R
21.5667680927411,409,R
21.572072588412198,742,I
21.65848301650434,564,R
21.661447750727184,665,I
21.67976618600679,70,R
21.743035377149724,14,R
21.844748427857823,438,R
22.00001013862843,440,R
22.043872962694156,683,I
22.050558700446093,699,I
22.11561830793987,250,I
22.13095124703954,528,R
22.141498819488934,934,R
22.241064695253662,335,I
22.326514712162613,166,I
22.418067825834363,104,R
22.430001103035778,387,I
22.43419309063305,352,R
22.45177004642844,178,I
22.477972789105642,816,I
22.512014824889373,932,I
22.527413019308216,133,I
22.544779135080674,641,I
22.561282097032464,387,R
22.589850684500604,250,R
22.61173829825311,657,R
22.611821458677458,384,I
22.62592614797684,605,R
22.65392437183016,907,I
22.657620108003062,166,R
22.68952049502116,5,R
22.873999345918776,501,R
22.963745913387328,802,R
23.074831170117,705,R
23.117169681095184,315,R
23.136521743508627,672,R
23.169136677254404,163,R
23.240341280413844,372,I
23.259090021090124,805,R
23.292731771500645,186,R
23.30124785927425,62,R
23.30251565628897,133,R
23.328099014464502,816,R
23.487964166460387,359,I
23.499430243234272,359,R
23.50721876925098,374,R
23.522705556834772,703,R
23.529979986927728,384,R
23.544677832746522,649,R
23.54804271022636,40,I
23.61136439684171,500,I
23.663402355592275,86,R
23.677509674208657,803,R
23.69561967269785,707,I
23.818320933102928,138,I
23.826497405198737,137,I
23.853924507475412,94,R
23.897979554016118,203,R
24.00317265000222,487,R
24.0052991337899,252,R
24.017418820688892,84,I
24.048073333018188,811,R
24.062709377182962,789,R
24.08541428383788,652,I
24.087430304524563,383,R
24.121058254492404,116,R
24.12434447905752,520,R
24.177568972723524,241,R
24.29299219628042,42,I
24.361213821949338,707,R
24.3859320563438,998,I
24.38820502743414,907,R
24.46069087478078,679,I
24.488186639587383,920,R
24.51128250016561,305,I
24.51861924875747,137,R
24.56443867769617,265,I
24.579364139945298,531,I
24.609871884467804,683,R
24.613087851482565,372,R
24.67680957651978,264,R
24.743822195046334,868,R
24.828016184176875,545,I
24.878587662778987,799,R
24.895372106139497,124,I
24.967900612307027,496,R
25.094354219413447,446,R
25.108818898448384,595,I
25.11886618022878,899,R
25.15440130129316,84,R
25.166163817033585,217,R
25.17723972218805,658,I
25.19454038787366,658,R
25.20919541935359,866,R
25.251222416497264,953,R
25.27190333479187,965,R
25.292881401948808,837,R
25.346002266693304,194,I
25.404798518765602,194,R
25.408837096572917,118,I
25.45774409144626,553,I
25.524686741944763,891,R
25.558862264646947,648,I
25.613578396954242,665,R
25.672256768798977,545,R
25.741703129415967,64,R
25.79185992237682,135,I
25.86436747976811,81,I
25.92023215168217,895,I
25.940290632863785,305,R
25.950531205714395,932,R
25.959629708063712,959,I
25.96749193563358,901,I
25.975772151522282,959,R
26.024749557006697,553,R
26.0253451733115,627,I
26.148681144524954,45,I
26.150670664808864,46,I
26.158359681894712,603,I
26.211810367478698,626,R
26.25431525599101,289,R
26.30175563741544,363,R
26.33258031357699,335,R
26.408833331758018,918,I
26.500195073871517,667,R
26.583710473616186,895,R
26.65814823437831,645,I
26.696122373939893,555,I
26.701805786351983,668,I
26.7366869748534,993,R
26.781407503240843,645,R
26.820451952068737,218,R
26.873012139977014,846,R
26.88347351711642,500,R
26.940516358680085,258,R
26.977474617040524,679,R
27.05746523406006,945,R
27.09637131214018,72,I
27.26288800291799,219,R
27.281744120703767,80,R
27.320604572658873,154,I
27.32893685723045,998,R
27.350793418000514,595,R
27.37435636408013,752,I
27.506960742844818,224,R
27.539772407849853,427,R
27.670392204988243,265,R
27.80587808962789,435,R
27.888290151948706,45,R
27.988354591855384,616,R
28.01369297585267,918,R
28.023346098456113,138,R
28.094912363161683,118,R
28.129215622226607,46,R
28.278131475047495,437,I
28.48250550449219,961,R
28.577073738951988,437,R
28.66171329096234,309,R
28.670189979027157,884,I
28.697815954121406,453,I
29.0655549115006,627,R
29.13485760378935,656,I
29.193399129467174,42,R
29.60950763387678,370,I
29.63908907072792,126,R
29.687355642437037,880,I
29.710475605681136,370,R
29.72161669545259,154,R
29.84534842830762,798,I
29.875754818003678,558,R
29.944287553512613,668,R
29.96423909544898,40,R
29.98931356040624,924,R
30.00599382243508,523,I
30.01333467131787,453,R
30.01622859359252,228,R
30.06253270175167,49,I
30.07401657342777,857,I
30.130430822440953,242,I
30.221001791141475,416,I
30.305479278225082,81,R
30.410700051821493,656,R
30.466750645150807,196,R
30.494530383274945,569,I
30.582267815518794,523,R
30.586991115154085,449,I
30.600310943281638,661,I
30.65009792647969,608,I
30.770917964994283,449,R
30.80232373923627,238,I
30.825458415527535,555,R
30.896274836216566,964,I
30.930549169926472,798,R
31.039812728973764,569,R
31.045501529596116,178,R
31.091700106025016,699,R
31.243679010796455,880,R
31.331330555985172,531,R
31.380608324335405,247,I
31.383879869078374,29,I
31.40323464155786,72,R
31.435807003224618,480,R
31.51219456383222,860,R
31.867013421222836,89,I
31.916763803421624,183,I
31.989392312221952,856,I
32.06233182282909,955,R
32.08088356046156,964,R
32.47120193885186,169,I
32.582842194316974,189,I
32.652824651662755,247,R
32.65642241488816,89,R
32.67653346016118,310,I
32.721390877385765,10,I
32.77721540607239,910,R
32.817653957449465,712,R
32.853653139105134,928,I
32.883100300339834,826,I
32.892974101289596,135,R
32.94947949548097,582,R
33.001928389642885,79,I
33.04211425575228,298,R
33.162043878388246,465,I
33.40040952292713,10,R
33.47291651634097,902,R
33.474179242658046,884,R
33.50626294838651,369,I
33.651823105037415,169,R
33.654294045390586,49,R
33.75722728293886,648,R
33.846084789482745,886,R
33.92516897279458,742,R
33.92637639249775,967,I
34.0217108711331,207,R
34.059704794927185,826,R
34.06736225328992,369,R
34.17811956747752,986,I
34.45712454485724,533,I
34.68124641817125,242,R
34.81453312458863,533,R
34.877818566249324,960,I
35.053128536667934,986,R
35.25751166004204,410,I
35.38972456583623,299,R
35.57971291098061,465,R
35.66904718617947,856,R
35.67901978604459,801,I
35.76902329950984,960,R
36.08629001734385,603,R
36.20997267670183,101,I
36.24726564551494,38,I
36.37939576060727,113,I
36.447471051204914,652,R
36.49574553696809,416,R
36.58052319895899,197,I
36.814499187722966,752,R
36.89245900957444,608,R
36.926161978213266,690,I
37.022621172443586,353,I
37.04155276750165,396,I
37.286141287714514,32,R
37.30132029186123,621,I
37.44052744570936,113,R
37.45135093795141,488,I
37.50258454160813,79,R
37.617086157364525,488,R
38.30182622819088,621,R
38.50439684036533,249,I
38.589557261321396,637,R
38.666209511885185,324,R
38.90998253128295,238,R
39.02763485406424,567,I
39.10893145444956,248,R
39.151728723619435,916,R
39.15803315662725,857,R
39.206218898238234,901,R
39.2829691467031,340,I
39.35543559520929,340,R
39.392264628844245,4,I
39.42687383758665,690,R
39.576541158527114,839,I
39.684624699984056,124,R
40.04016966163177,189,R
40.82705617438347,580,I
40.926828005098784,197,R
41.43130036220659,38,R
41.69278367688875,641,R
41.806502470770184,548,I
41.95277158190997,223,I
42.35809032830627,546,R
42.442533580708094,101,R
42.78917518273251,410,R
42.83904694076074,396,R
42.85325909954264,867,I
42.870516084171726,867,R
42.89722510624486,249,R
43.05896825955697,928,R
43.108573876786245,681,R
43.1691372090156,310,R
43.289927752553695,580,R
44.157630682421086,353,R
44.20646837655556,661,R
44.30942075566576,390,I
44.505255451945914,179,R
44.621543246993056,801,R
44.7264583366502,285,I
44.7637036443429,390,R
44.98027328548499,473,I
44.9967733308433,140,I
45.015748190807464,330,I
45.082279978922905,285,R
45.29733166286585,567,R
45.80621853528072,190,I
45.87428187335031,473,R
46.461893534749294,695,I
46.68850960797284,695,R
46.7570193993237,192,I
46.86945750464705,190,R
47.15680349128299,4,R
47.26248185372123,548,R
47.6720867757644,3,I
47.67399692536801,183,R
47.690917365381,140,R
47.83866387471908,815,R
48.67168447614176,3,R
49.08509129115268,601,I
49.10531801872584,330,R
50.11429609095035,329,I
50.3343122022645,839,R
50.78747618275378,223,R
51.05357121106098,601,R
51.101390552674324,245,I
51.53980300809149,962,I
51.88759380138261,962,R
51.91705004325235,377,I
53.878098757652694,967,R
54.72760489543392,29,R
55.09666573396146,887,I
55.49080739496462,192,R
56.194288178588685,968,I
57.389722737112294,245,R
58.14565625239369,989,I
58.272514450292746,968,R
58.917980068042894,989,R
61.33271730807748,377,R
66.3503997539205,887,R
70.17452560742817,329,R
74.39595273185786,778,I
74.95659402268365,778,R
